ratio,maximum,success
100.0,8842.0,4243.0
78.176,10254.0,3446.0
100.0,8029.0,1761.0
85.714,9556.0,1848.0
100.0,7511.0,1432.0
91.268,9167.0,1411.0
100.0,7260.0,1151.0
90.924,8904.0,1633.0
100.0,7045.0,1228.0
81.72,8751.0,1663.0
99.931,7111.0,1456.0
86.159,8870.0,2353.0
100.0,7587.0,2675.0
80.08,9232.0,3827.0
99.897,8364.0,3863.0
75.316,9931.0,4830.0
100.0,9278.0,4256.0
72.15,10659.0,5500.0
99.935,9924.0,4589.0
66.411,11067.0,5639.0
99.981,10200.0,5128.0
77.182,11375.0,6897.0
99.91,10345.0,4430.0
81.968,11511.0,6773.0
99.956,10401.0,4544.0
88.492,11619.0,6567.0
99.952,10391.0,4129.0
85.226,11620.0,6080.0
100.0,10318.0,3903.0
82.23,11537.0,6460.0
99.951,10265.0,4115.0
92.822,11577.0,6026.0
100.0,10215.0,3954.0
80.179,11667.0,6100.0
99.974,10176.0,3796.0
75.857,11376.0,5775.0
99.952,10065.0,4179.0
72.915,11358.0,5306.0
100.0,9984.0,3773.0
76.634,11301.0,6051.0
99.923,9906.0,3888.0
70.207,11342.0,6558.0
99.95,9792.0,3972.0
70.141,11321.0,6164.0
100.0,9727.0,2915.0
75.688,11271.0,4013.0
100.0,9559.0,2315.0
80.098,10847.0,2777.0
99.95,9024.0,4006.0
75.4,10243.0,2921.0
99.93,8186.0,1426.0
81.004,9627.0,1727.0
100.0,7767.0,1239.0
88.53,9239.0,1343.0
99.906,7570.0,1068.0
96.24,9010.0,1459.0
100.0,7385.0,1121.0
92.556,8828.0,1666.0
100.0,7289.0,1445.0
84.657,8929.0,2665.0
100.0,7884.0,2497.0
78.828,9671.0,4118.0
99.66,8570.0,3518.0
69.444,10248.0,4734.0
99.978,9404.0,4609.0
70.879,10663.0,5603.0
100.0,9788.0,4186.0
72.875,11088.0,5290.0
99.977,10144.0,4419.0
66.342,11221.0,5308.0
99.949,10262.0,3950.0
69.905,11373.0,5008.0
99.976,10338.0,4187.0
67.877,11375.0,5458.0
100.0,10311.0,3685.0
75.004,11410.0,4927.0
100.0,10302.0,3451.0
72.951,11295.0,4914.0
99.973,10258.0,3745.0
82.138,11333.0,5109.0
99.973,10278.0,3738.0
78.587,11328.0,5296.0
99.97,10146.0,3374.0
82.777,11263.0,5383.0
100.0,10051.0,3529.0
75.572,11178.0,5123.0
99.822,9967.0,3926.0
73.005,11077.0,5517.0
99.805,9989.0,4090.0
71.786,11164.0,5534.0
99.828,10047.0,4068.0
69.106,11071.0,5751.0
99.803,10051.0,3546.0
70.66,10978.0,4494.0
99.716,9833.0,2455.0
80.221,10560.0,3407.0
99.758,9378.0,4123.0
83.652,9974.0,3505.0
99.602,8403.0,1500.0
90.854,9197.0,2106.0
100.0,7952.0,1235.0
94.188,8912.0,1815.0
99.921,7701.0,1268.0
43.916,8689.0,5785.0
100.0,7872.0,1791.0
85.279,7855.0,2155.0
99.934,7895.0,1517.0
75.032,8003.0,2972.0
99.963,8493.0,2728.0
67.646,8785.0,3893.0
99.975,9285.0,3957.0
68.374,9454.0,5206.0
100.0,10065.0,4747.0
66.238,10147.0,5252.0
100.0,10484.0,4446.0
69.751,10416.0,5412.0
99.914,10713.0,4669.0
68.567,10473.0,6520.0
99.84,10723.0,4990.0
68.53,10671.0,5812.0
99.827,10726.0,4028.0
72.746,10680.0,5317.0
99.778,10657.0,3599.0
74.615,10704.0,5867.0
99.626,10492.0,3999.0
87.067,10707.0,5729.0
99.755,10468.0,3661.0
87.358,10620.0,5756.0
99.745,10453.0,3522.0
73.754,10577.0,5179.0
99.347,10331.0,3347.0
79.096,10455.0,5021.0
99.568,10178.0,3686.0
72.132,10292.0,5187.0
97.926,10074.0,3211.0
75.121,10277.0,5580.0
98.95,10103.0,3393.0
73.414,10304.0,5346.0
99.144,10123.0,3590.0
67.116,10361.0,4880.0
99.157,10056.0,2939.0
78.003,10175.0,4532.0
99.063,9882.0,2115.0
72.404,9878.0,3159.0
99.363,9418.0,3899.0
78.349,9313.0,3264.0
98.461,8682.0,1599.0
90.073,8743.0,2223.0
98.089,8294.0,1129.0
89.35,8399.0,1896.0
96.774,8007.0,900.0
82.513,8236.0,1878.0
97.621,7860.0,985.0
89.651,8068.0,2001.0
97.64,7824.0,1324.0
85.51,8128.0,2691.0
98.753,8260.0,2376.0
75.289,8669.0,3845.0
99.224,8907.0,3070.0
69.404,9246.0,3922.0
99.331,9350.0,3266.0
69.675,9726.0,4648.0
99.199,9938.0,3713.0
68.885,9876.0,5269.0
98.851,10070.0,3269.0
73.583,10001.0,5220.0
99.119,10088.0,3377.0
78.411,10058.0,5132.0
99.354,10095.0,3537.0
93.63,10153.0,5218.0
99.122,9948.0,3161.0
74.876,10164.0,5722.0
99.299,9863.0,4251.0
75.7,10016.0,4919.0
99.441,9841.0,3378.0
73.239,10009.0,5063.0
99.367,9854.0,3299.0
76.44,9960.0,4896.0
99.305,9753.0,2999.0
79.267,9937.0,4848.0
99.421,9657.0,3432.0
78.928,9915.0,5933.0
99.495,9891.0,6502.0
83.014,10271.0,7365.0
99.617,9892.0,3901.0
78.197,10251.0,5968.0
99.138,9967.0,3219.0
71.408,10236.0,4408.0
99.426,9873.0,2946.0
70.73,10124.0,3586.0
98.923,9696.0,2204.0
75.964,9692.0,2778.0
99.398,9270.0,3797.0
77.532,9232.0,3054.0
98.007,8517.0,1672.0
45.851,8574.0,5266.0
97.956,8119.0,1390.0
83.22,7563.0,1706.0
98.014,7942.0,1382.0
96.759,7389.0,1433.0
98.981,7717.0,1166.0
97.397,7181.0,1721.0
98.093,7480.0,1183.0
98.044,7273.0,1704.0
99.32,7728.0,1898.0
98.405,7883.0,2653.0
99.138,8333.0,2646.0
98.856,8631.0,3110.0
99.675,8788.0,3063.0
98.571,9223.0,3724.0
99.423,9042.0,2929.0
98.312,9620.0,4136.0
99.354,9272.0,2921.0
51.496,9866.0,6938.0
99.01,9877.0,3502.0
47.292,8942.0,9062.0
99.302,9936.0,2845.0
79.159,8792.0,4725.0
99.695,10132.0,6541.0
53.628,8950.0,10915.0
98.982,10218.0,2819.0
82.16,8597.0,4343.0
99.117,10061.0,2917.0
74.766,8721.0,4480.0
99.515,10148.0,2870.0
70.117,8786.0,4146.0
99.353,10072.0,2919.0
69.969,8893.0,4096.0
99.076,10087.0,3001.0
76.794,9002.0,4474.0
99.127,10240.0,3180.0
73.905,9156.0,4370.0
98.978,10271.0,3195.0
74.629,9298.0,5133.0
99.388,10305.0,3250.0
75.756,9345.0,4859.0
98.971,10288.0,2692.0
80.375,9124.0,4075.0
98.732,10112.0,1947.0
80.377,8794.0,3113.0
99.486,9523.0,3486.0
77.417,8364.0,3027.0
97.967,8724.0,1349.0
85.885,7843.0,1868.0
97.751,8370.0,1130.0
87.533,7558.0,1657.0
98.624,8107.0,932.0
87.534,7410.0,1629.0
99.093,7953.0,1092.0
96.8,7303.0,2208.0
98.75,7976.0,1264.0
98.097,7523.0,2010.0
99.223,8406.0,2170.0
52.618,7955.0,6372.0
99.266,9268.0,3383.0
48.05,7989.0,8588.0
99.326,10277.0,4418.0
66.893,8768.0,4831.0
99.168,10631.0,3934.0
69.949,9207.0,4774.0
99.061,10951.0,3799.0
66.667,9431.0,4692.0
99.249,11025.0,3701.0
74.361,9661.0,5003.0
99.149,11018.0,3611.0
72.722,9727.0,4980.0
98.971,11038.0,3461.0
77.134,9783.0,5684.0
99.228,10996.0,3984.0
73.035,9744.0,6086.0
99.194,10976.0,4060.0
69.145,9821.0,5506.0
99.324,10976.0,3823.0
68.947,9831.0,6177.0
99.2,10828.0,3718.0
74.84,9806.0,5830.0
99.08,10701.0,3771.0
72.451,9892.0,5741.0
99.309,10550.0,4023.0
65.714,9954.0,6139.0
99.439,10366.0,4078.0
64.144,10032.0,6721.0
99.305,10375.0,4287.0
68.987,10035.0,6560.0
99.227,10293.0,3596.0
35.823,9929.0,4594.0
46.93,9959.0,1735.0
72.707,9466.0,3591.0
99.473,9302.0,3586.0
74.533,8896.0,2833.0
99.027,8608.0,1120.0
80.835,8226.0,1569.0
98.9,8004.0,1079.0
94.319,7958.0,1544.0
98.109,7918.0,882.0
88.489,7800.0,1353.0
98.271,7789.0,966.0
84.599,7680.0,1626.0
98.643,7729.0,1090.0
81.792,7827.0,2556.0
99.328,8230.0,2218.0
71.96,8517.0,4355.0
99.246,8946.0,3291.0
68.979,9330.0,5310.0
99.374,9808.0,3969.0
69.279,9998.0,5498.0
99.417,10190.0,3751.0
64.932,10367.0,5577.0
99.206,10395.0,3625.0
3.23,10478.0,3439.0
98.632,11414.0,4471.0
7.362,6801.0,5404.0
99.049,11491.0,3647.0
64.024,7652.0,4821.0
99.382,11456.0,3537.0
78.416,7992.0,5068.0
99.481,11388.0,4028.0
80.454,8435.0,6236.0
99.216,11255.0,3797.0
11.481,8513.0,5049.0
99.038,11341.0,3706.0
2.426,4089.0,2621.0
99.138,11408.0,3794.0
22.853,6969.0,5159.0
99.365,11358.0,3756.0
52.496,7628.0,3723.0
99.36,11168.0,3107.0
61.368,7991.0,4664.0
99.406,10921.0,3514.0
59.976,8371.0,5020.0
99.464,10923.0,3894.0
56.659,8588.0,4948.0
99.506,10822.0,2822.0
71.436,8539.0,4054.0
99.326,10563.0,1917.0
80.207,8311.0,2942.0
99.45,10007.0,4158.0
76.167,7892.0,2985.0
98.935,9137.0,1393.0
91.511,7290.0,1768.0
98.464,8708.0,1026.0
88.519,6983.0,1488.0
98.888,8544.0,1067.0
86.631,6761.0,1782.0
98.62,8392.0,1072.0
91.839,6646.0,1958.0
99.345,8390.0,1365.0
78.47,6848.0,2380.0
99.186,8868.0,2316.0
71.197,7708.0,4044.0
99.136,9178.0,7688.0
26.002,8369.0,7265.0
99.487,9903.0,4264.0
61.666,9025.0,4731.0
99.296,10446.0,3810.0
59.825,9361.0,4850.0
99.241,10641.0,3922.0
64.904,9706.0,5267.0
99.274,10770.0,3557.0
66.61,9851.0,5466.0
99.027,10777.0,3460.0
55.417,10104.0,5361.0
99.626,10737.0,4528.0
78.967,10207.0,6544.0
99.391,10630.0,3591.0
83.857,10330.0,5984.0
99.17,10547.0,3702.0
74.983,10235.0,6645.0
99.299,10508.0,3398.0
70.528,10235.0,5291.0
99.315,10430.0,3189.0
79.706,10195.0,5750.0
99.361,10308.0,3266.0
61.841,10156.0,5630.0
98.548,10110.0,3325.0
67.198,10240.0,5646.0
99.491,10050.0,3128.0
48.227,10243.0,5195.0
99.336,10072.0,4040.0
49.975,10247.0,5057.0
99.18,9950.0,3144.0
58.755,10146.0,4466.0
98.968,9709.0,2014.0
72.68,9822.0,3783.0
99.514,9209.0,3894.0
70.941,9234.0,3198.0
98.727,8484.0,1784.0
5.6,8583.0,3767.0
99.011,8435.0,1301.0
61.746,6561.0,1740.0
98.575,8283.0,1107.0
90.381,6525.0,1541.0
98.801,8166.0,1154.0
85.2,6549.0,1963.0
99.246,8222.0,1447.0
86.373,6829.0,2884.0
99.381,8675.0,2408.0
72.559,7709.0,4593.0
99.329,9276.0,3257.0
58.912,8555.0,5199.0
99.644,10050.0,4197.0
66.1,9363.0,5869.0
99.265,10428.0,3648.0
60.295,9709.0,5277.0
99.433,10652.0,3331.0
62.22,9982.0,5397.0
99.078,10792.0,3333.0
66.557,10171.0,5459.0
99.377,10792.0,3352.0
64.062,10319.0,5173.0
99.177,10801.0,3011.0
74.812,10375.0,5263.0
99.567,10721.0,3448.0
79.439,10468.0,6599.0
99.152,10551.0,3157.0
93.035,10523.0,6331.0
99.615,10534.0,3367.0
80.452,10517.0,6585.0
99.227,10412.0,3210.0
69.278,10322.0,6084.0
99.31,10316.0,3597.0
61.466,10379.0,5937.0
99.429,10220.0,4178.0
62.639,10488.0,6926.0
99.533,10097.0,3408.0
54.113,10609.0,5460.0
99.454,10047.0,3094.0
62.178,10670.0,5882.0
99.437,9944.0,3002.0
61.472,10496.0,4978.0
98.952,9663.0,2077.0
68.66,9939.0,3284.0
99.499,9230.0,3775.0
67.098,9316.0,3112.0
99.101,8457.0,1323.0
83.181,8646.0,2092.0
98.516,8033.0,996.0
89.1,8355.0,1594.0
99.066,7842.0,1061.0
84.021,8075.0,1772.0
98.016,7674.0,988.0
79.312,7887.0,2005.0
98.648,7790.0,1240.0
77.1,8175.0,2983.0
99.371,8311.0,2370.0
58.929,8930.0,4600.0
99.247,9010.0,3558.0
59.162,9956.0,5566.0
99.527,9814.0,3787.0
53.719,10613.0,5236.0
99.194,10171.0,3694.0
53.972,10924.0,5021.0
98.874,10336.0,3425.0
59.797,11050.0,4956.0
99.329,10404.0,3258.0
48.736,11389.0,5573.0
98.848,10153.0,3346.0
71.355,11382.0,5510.0
99.311,10172.0,3603.0
67.507,11375.0,6665.0
99.156,10193.0,3054.0
90.5,11397.0,5344.0
99.254,10146.0,2926.0
89.236,11483.0,5712.0
99.411,9998.0,3039.0
99.087,11472.0,5103.0
99.45,9894.0,2891.0
70.932,11467.0,6042.0
98.98,9736.0,3397.0
88.528,11232.0,6644.0
99.472,9600.0,3201.0
77.049,11248.0,6553.0
99.611,9416.0,4353.0
15.194,11297.0,7571.0
99.086,9430.0,3686.0
5.49,6786.0,6782.0
99.422,9525.0,2579.0
49.425,7805.0,4724.0
99.389,9324.0,2113.0
78.289,7816.0,3808.0
99.641,8933.0,4162.0
73.66,7632.0,3697.0
99.291,8393.0,1400.0
91.823,7245.0,2257.0
98.402,7995.0,1047.0
86.0,6990.0,1892.0
98.156,7779.0,958.0
91.212,6803.0,1588.0
98.702,7554.0,1141.0
94.913,6776.0,1903.0
98.892,7588.0,1339.0
76.046,6994.0,3016.0
99.254,7994.0,2263.0
73.133,7713.0,4339.0
99.544,8382.0,2836.0
78.96,8475.0,5085.0
99.446,8953.0,3588.0
88.976,9264.0,5327.0
99.348,9305.0,3198.0
84.319,9567.0,5474.0
99.141,9410.0,3117.0
90.525,9748.0,5465.0
99.502,9429.0,3200.0
99.1,9902.0,4843.0
99.234,9352.0,3109.0
99.092,9979.0,4585.0
99.379,9351.0,2880.0
98.955,10041.0,4641.0
99.32,9231.0,2923.0
99.16,10106.0,4959.0
99.025,9145.0,2741.0
98.185,10127.0,4814.0
99.127,8979.0,2724.0
98.944,10256.0,4777.0
99.337,9076.0,3146.0
71.455,10345.0,6561.0
99.267,9141.0,3113.0
90.841,10177.0,5931.0
99.317,9297.0,2909.0
99.319,10525.0,5398.0
99.481,9348.0,3064.0
80.254,10706.0,7190.0
99.472,9373.0,2828.0
73.205,10574.0,5770.0
99.295,9260.0,2396.0
87.593,10367.0,5168.0
99.399,9183.0,2151.0
95.864,9987.0,3732.0
99.411,8730.0,3714.0
93.704,9592.0,3319.0
98.439,8197.0,1387.0
73.99,8867.0,2142.0
98.656,7808.0,1101.0
97.537,8425.0,1386.0
97.765,7552.0,1050.0
87.382,8194.0,1752.0
98.209,7462.0,932.0
83.017,7996.0,1662.0
98.061,7337.0,1062.0
72.342,8087.0,2409.0
99.187,7762.0,2073.0
78.674,8772.0,3892.0
99.286,8040.0,2504.0
79.502,9275.0,4565.0
99.801,8143.0,2502.0
87.728,9396.0,4754.0
99.689,7919.0,2888.0
90.112,9719.0,5778.0
99.643,8376.0,3353.0
84.402,10390.0,5806.0
99.201,8590.0,2730.0
99.275,10653.0,4247.0
99.562,8815.0,2727.0
99.264,10961.0,4179.0
99.655,8881.0,3756.0
49.488,11000.0,6867.0
99.48,8954.0,3638.0
65.629,10620.0,6091.0
99.274,8843.0,3143.0
84.198,10376.0,5925.0
99.535,8666.0,2996.0
80.023,10369.0,5620.0
99.401,8648.0,2986.0
85.319,10551.0,6143.0
99.356,8776.0,2933.0
78.947,10623.0,6221.0
99.438,8923.0,3187.0
66.59,10789.0,6065.0
99.419,9063.0,2907.0
75.192,10889.0,5974.0
99.185,9078.0,2557.0
75.468,10842.0,5808.0
99.213,9080.0,2270.0
80.436,10644.0,4794.0
99.064,8944.0,1799.0
77.798,10222.0,3802.0
99.295,8492.0,3240.0
77.025,9464.0,3490.0
98.658,7841.0,1103.0
87.008,8889.0,2210.0
97.814,7471.0,895.0
84.864,8497.0,1867.0
98.018,7278.0,890.0
83.562,8274.0,2069.0
97.816,7177.0,851.0
14.057,8145.0,2377.0
98.661,7499.0,1621.0
25.934,7191.0,5169.0
99.307,8129.0,2435.0
58.742,8343.0,4146.0
99.388,8737.0,3088.0
73.687,9336.0,4783.0
99.344,9514.0,3484.0
66.517,10069.0,5761.0
98.43,9888.0,3261.0
60.015,10502.0,4902.0
97.743,10064.0,3292.0
70.946,10761.0,5460.0
97.979,10121.0,3103.0
89.279,10884.0,5371.0
99.466,10172.0,2792.0
98.738,11134.0,4931.0
99.238,10166.0,2996.0
88.014,11182.0,6594.0
99.733,10109.0,7849.0
63.305,11151.0,9045.0
99.648,10120.0,3963.0
99.495,11348.0,5515.0
99.136,10116.0,3214.0
99.229,11430.0,4761.0
99.149,10020.0,2911.0
99.29,11409.0,4614.0
99.583,9814.0,2867.0
99.348,11563.0,5025.0
99.257,9598.0,2940.0
99.481,11820.0,4984.0
99.451,9611.0,2717.0
99.439,12040.0,5673.0
99.232,9649.0,2584.0
99.326,12040.0,5304.0
98.907,9509.0,1990.0
66.354,11878.0,6088.0
99.207,9325.0,1376.0
87.619,10769.0,2661.0
99.609,8825.0,3058.0
73.392,9885.0,3321.0
98.395,8149.0,981.0
69.811,9296.0,2109.0
97.959,7836.0,768.0
94.05,8814.0,1391.0
97.271,7647.0,713.0
92.033,8641.0,1444.0
97.892,7563.0,836.0
77.911,8511.0,1820.0
99.198,7603.0,1237.0
76.695,8906.0,3235.0
99.329,8085.0,2219.0
70.81,9919.0,5019.0
99.567,8805.0,3216.0
70.711,10689.0,5951.0
99.663,9393.0,4439.0
70.386,11287.0,6144.0
99.408,9748.0,3356.0
77.06,11541.0,5771.0
99.323,9924.0,3081.0
84.809,11779.0,5421.0
99.448,9960.0,3241.0
84.302,12023.0,5961.0
99.33,10015.0,3263.0
16.827,12036.0,6788.0
8.485,9968.0,7372.0
16.082,18208.0,24135.0
99.237,6093.0,4160.0
73.573,17159.0,8530.0
99.147,6322.0,2556.0
77.34,17293.0,8014.0
99.064,6425.0,2222.0
82.282,17261.0,6720.0
99.105,6492.0,2104.0
77.27,17006.0,6860.0
98.489,6502.0,2021.0
77.21,16747.0,7399.0
98.964,6570.0,2197.0
68.477,16504.0,7112.0
99.064,6719.0,2116.0
67.318,16526.0,7162.0
98.899,6791.0,2155.0
63.513,16283.0,6209.0
98.568,6745.0,1721.0
74.634,15896.0,5143.0
99.174,6569.0,1321.0
76.017,15134.0,3626.0
99.451,6225.0,2174.0
72.174,14185.0,3735.0
98.308,5823.0,1046.0
75.264,13243.0,2498.0
98.701,5572.0,836.0
90.154,12614.0,1932.0
98.83,5430.0,760.0
76.283,12321.0,2052.0
98.2,5422.0,873.0
73.693,12083.0,2538.0
98.987,5545.0,1173.0
59.59,12380.0,4014.0
98.704,6003.0,1904.0
53.544,13607.0,5741.0
99.5,6424.0,2588.0
51.459,14809.0,6544.0
99.219,6940.0,2796.0
55.05,15645.0,6584.0
99.0,7215.0,2673.0
64.156,16113.0,6941.0
98.509,7341.0,2642.0
6.441,16179.0,6678.0
98.372,8817.0,4109.0
1.961,5879.0,3191.0
99.138,9010.0,3335.0
36.316,10424.0,9716.0
99.018,9007.0,3025.0
92.708,11296.0,6776.0
99.426,8949.0,2947.0
99.008,11756.0,5689.0
99.448,8791.0,3244.0
99.309,12193.0,6040.0
98.847,8829.0,2829.0
97.267,12356.0,5268.0
99.419,8772.0,2567.0
71.8,12606.0,6551.0
99.236,8685.0,2727.0
91.552,12565.0,6242.0
99.564,8642.0,2741.0
87.977,12815.0,6564.0
99.728,8502.0,2933.0
81.21,12843.0,8121.0
99.467,8474.0,2613.0
78.503,12871.0,7457.0
99.154,8338.0,2460.0
87.186,12700.0,5552.0
99.033,8176.0,1741.0
84.235,12032.0,3644.0
99.442,7781.0,2852.0
73.51,11260.0,3391.0
98.849,7275.0,1116.0
84.175,10466.0,1984.0
98.9,6958.0,989.0
87.977,10044.0,1661.0
98.359,6789.0,959.0
79.97,9771.0,1601.0
98.928,6766.0,1200.0
83.497,9591.0,2297.0
99.083,6880.0,1404.0
65.207,9997.0,3709.0
99.494,7361.0,2557.0
56.706,11292.0,5192.0
99.619,7857.0,2874.0
70.62,12312.0,5930.0
99.407,8423.0,3184.0
62.564,12992.0,6155.0
99.131,8681.0,2851.0
70.658,13456.0,6237.0
99.323,8912.0,3081.0
87.468,13666.0,6407.0
72.693,13733.0,6365.0
2.544,13548.0,3978.0
99.378,8434.0,2398.0
98.585,8657.0,2230.0
3.267,7019.0,4199.0
69.461,8235.0,4267.0
99.464,8511.0,3898.0
77.213,8232.0,2172.0
98.509,7963.0,1255.0
98.865,7631.0,1220.0
84.323,8046.0,1775.0
98.33,7488.0,1001.0
85.968,7911.0,1648.0
98.503,7385.0,1053.0
83.668,7968.0,2295.0
98.737,7429.0,1485.0
60.95,8432.0,3067.0
99.573,7979.0,2566.0
61.583,9712.0,5367.0
99.284,8440.0,3051.0
63.214,10944.0,5858.0
99.389,9026.0,3417.0
64.431,11780.0,6052.0
99.277,9242.0,3296.0
60.84,12187.0,6345.0
99.007,9370.0,3591.0
64.638,12602.0,6690.0
99.381,9380.0,3211.0
74.474,12792.0,5908.0
99.38,9295.0,3045.0
87.841,12813.0,7051.0
99.145,9234.0,3015.0
72.131,12788.0,7462.0
99.502,9205.0,3000.0
87.096,12768.0,8349.0
99.294,9138.0,3093.0
99.497,12877.0,7712.0
99.456,9070.0,3108.0
51.839,12872.0,12528.0
99.466,9080.0,3353.0
74.818,11535.0,11198.0
99.432,9072.0,3151.0
66.6,11708.0,7968.0
99.269,8927.0,3532.0
62.484,12032.0,7713.0
99.474,8933.0,3780.0
67.919,12193.0,7736.0
99.289,8897.0,3632.0
57.661,12199.0,6537.0
99.161,8852.0,2482.0
69.573,12059.0,4820.0
99.168,8616.0,1788.0
73.708,11611.0,3650.0
99.184,8236.0,3282.0
70.772,10978.0,3758.0
98.529,7669.0,1139.0
84.644,10139.0,2486.0
98.307,7337.0,813.0
84.817,9720.0,2106.0
97.599,7143.0,813.0
86.01,9457.0,2158.0
98.382,7065.0,973.0
77.671,9304.0,2508.0
97.803,7079.0,1024.0
69.268,9568.0,3471.0
98.55,7593.0,2039.0
65.371,10462.0,4844.0
99.257,8003.0,2670.0
57.268,11331.0,5236.0
99.154,8385.0,3283.0
65.143,12102.0,6070.0
99.201,8724.0,2856.0
55.617,12424.0,5357.0
99.226,8838.0,2821.0
70.521,12680.0,6007.0
99.288,8903.0,2789.0
68.188,12692.0,6199.0
99.283,8934.0,2907.0
83.85,12724.0,6324.0
99.34,8862.0,2558.0
84.647,12634.0,6153.0
98.685,8809.0,2627.0
97.674,12842.0,5290.0
96.989,8764.0,2319.0
95.443,12844.0,5383.0
97.35,8701.0,2682.0
97.294,12782.0,5825.0
97.474,8631.0,2470.0
97.49,12864.0,5359.0
97.422,8603.0,3136.0
79.948,12847.0,9222.0
97.681,8691.0,3117.0
64.545,12648.0,6643.0
99.849,8704.0,2647.0
79.152,12839.0,7301.0
99.351,8657.0,2603.0
71.902,13010.0,6139.0
99.15,8620.0,2100.0
82.292,12739.0,4796.0
98.709,8447.0,1682.0
74.635,12175.0,3734.0
99.309,8105.0,3160.0
76.233,11483.0,4144.0
98.695,7540.0,1361.0
76.388,10565.0,2394.0
98.167,7183.0,964.0
98.228,10105.0,1718.0
98.255,6952.0,957.0
82.208,9808.0,2130.0
99.204,6822.0,997.0
79.83,9529.0,2161.0
98.354,6820.0,1195.0
76.818,9676.0,2651.0
98.904,7052.0,1625.0
64.527,10390.0,4182.0
99.363,7528.0,2341.0
62.681,11171.0,5353.0
99.299,7992.0,2693.0
53.085,11896.0,4990.0
99.356,8226.0,2623.0
69.72,12200.0,5595.0
99.495,8298.0,2561.0
69.733,12446.0,5322.0
99.481,8287.0,2493.0
92.79,12558.0,6036.0
99.289,8366.0,2792.0
80.094,12742.0,5955.0
99.054,8409.0,2618.0
94.194,12946.0,4997.0
99.051,8560.0,2610.0
99.325,13193.0,4859.0
99.201,8561.0,2360.0
80.918,13251.0,5797.0
99.089,8599.0,2393.0
99.152,13220.0,4678.0
99.612,8599.0,2308.0
99.076,13228.0,5039.0
99.098,8539.0,2416.0
73.185,13265.0,7770.0
99.594,8623.0,2455.0
99.351,13324.0,5974.0
99.387,8653.0,2596.0
70.737,13351.0,8243.0
99.274,8634.0,2325.0
87.731,13153.0,5549.0
98.683,8607.0,1798.0
84.796,12856.0,4523.0
99.27,8291.0,1360.0
81.086,12281.0,3361.0
99.588,7910.0,2899.0
91.769,11436.0,3501.0
98.771,7342.0,1045.0
82.389,10761.0,2152.0
98.782,7077.0,811.0
86.68,10263.0,1744.0
99.35,6954.0,764.0
97.69,9956.0,1565.0
98.18,6804.0,863.0
77.43,9843.0,2278.0
99.432,6833.0,1226.0
74.253,10251.0,3452.0
99.369,7307.0,2205.0
74.839,11168.0,5678.0
99.38,7892.0,2727.0
69.698,12176.0,6491.0
99.567,8655.0,3216.0
72.624,12983.0,6542.0
99.222,8863.0,3060.0
81.331,13539.0,6857.0
99.246,8969.0,2894.0
90.53,13743.0,6988.0
98.81,9001.0,3156.0
98.76,13891.0,6847.0
98.7,9022.0,3417.0
99.476,14348.0,14626.0
99.26,8907.0,5902.0
99.047,14635.0,9148.0
98.346,8772.0,2498.0
60.979,14631.0,9042.0
98.688,8831.0,2933.0
82.88,14067.0,7586.0
98.967,8710.0,3258.0
81.531,13993.0,6401.0
98.016,8686.0,2618.0
73.972,13984.0,6818.0
98.495,8668.0,2880.0
66.013,13959.0,6666.0
99.021,8661.0,3035.0
73.877,14114.0,7760.0
98.945,8621.0,3095.0
66.497,14133.0,7453.0
98.777,8614.0,2907.0
79.577,14069.0,7146.0
98.956,8524.0,2275.0
79.566,13771.0,5027.0
98.695,8218.0,1286.0
80.82,13012.0,2975.0
99.316,7803.0,2612.0
82.416,12042.0,3548.0
98.192,7845.0,1847.0
1.467,11269.0,2786.0
98.068,8166.0,1472.0
2.97,4595.0,3337.0
97.794,8171.0,931.0
49.248,6664.0,3436.0
98.2,8102.0,982.0
30.201,7264.0,2211.0
38.93,8063.0,2365.0
77.978,8132.0,3162.0
99.294,8079.0,2391.0
62.803,9308.0,4898.0
99.478,8650.0,2856.0
59.254,10517.0,5369.0
99.506,9143.0,3426.0
66.189,11509.0,5910.0
99.235,9373.0,3113.0
68.981,12063.0,5931.0
99.411,9482.0,3377.0
85.035,12470.0,7637.0
99.446,9507.0,3587.0
87.92,12649.0,8552.0
99.363,9420.0,3586.0
92.778,12815.0,8479.0
99.17,9358.0,2986.0
79.799,12818.0,7229.0
99.193,9411.0,2951.0
84.112,12614.0,7200.0
99.246,9380.0,2764.0
71.883,12592.0,7069.0
99.198,9268.0,3217.0
70.142,12543.0,6970.0
99.384,9170.0,3066.0
77.317,12655.0,6633.0
99.308,9123.0,3012.0
65.954,12780.0,6172.0
99.239,9006.0,3001.0
72.464,12917.0,6587.0
99.259,8988.0,3080.0
64.504,13064.0,6551.0
99.282,8962.0,2629.0
3.61,13080.0,4817.0
98.691,9293.0,2789.0
1.487,4514.0,2718.0
98.656,9180.0,2202.0
25.357,8192.0,5898.0
99.489,10383.0,6231.0
98.521,220.0,333.0
98.807,12483.0,4389.0
98.093,648.0,1800.0
99.231,12076.0,1548.0
97.978,876.0,1696.0
98.966,11683.0,1531.0
55.808,957.0,2532.0
99.363,11431.0,1559.0
98.318,1573.0,1403.0
99.202,11252.0,1988.0
98.872,2778.0,2541.0
99.366,11402.0,2822.0
99.487,4614.0,3876.0
99.554,11729.0,3570.0
99.229,6201.0,4247.0
99.63,12021.0,4034.0
99.191,7473.0,5024.0
99.584,12154.0,4067.0
99.203,8396.0,5974.0
99.495,12148.0,4140.0
99.545,8898.0,6788.0
99.469,12028.0,4119.0
99.533,9322.0,7878.0
99.539,11861.0,4536.0
99.34,9547.0,6928.0
99.481,11670.0,4221.0
64.512,9734.0,9482.0
99.494,11785.0,3930.0
99.348,9261.0,5637.0
99.47,11660.0,3564.0
99.273,9509.0,5733.0
99.448,11508.0,3605.0
99.425,9659.0,5705.0
99.438,11393.0,3360.0
99.376,9901.0,5735.0
99.465,11266.0,3902.0
99.591,10189.0,5839.0
99.648,11075.0,3397.0
99.46,10444.0,6265.0
99.747,10783.0,3941.0
99.603,10669.0,6530.0
99.523,10662.0,3968.0
99.6,10707.0,6718.0
99.32,10557.0,2629.0
99.412,10617.0,3889.0
99.142,10236.0,1734.0
98.847,10055.0,2571.0
99.294,9718.0,3514.0
98.959,9277.0,2567.0
98.928,9042.0,1200.0
98.591,8553.0,1679.0
98.629,8690.0,863.0
98.439,8162.0,1450.0
98.385,8506.0,853.0
98.23,7913.0,1665.0
99.149,8367.0,1048.0
98.599,7913.0,2181.0
99.38,8403.0,1604.0
99.288,8525.0,3068.0
99.521,8585.0,2492.0
99.545,9622.0,4595.0
99.709,8933.0,3085.0
99.415,10656.0,5098.0
99.777,9448.0,3574.0
99.499,11318.0,6154.0
99.64,9656.0,3874.0
99.591,11674.0,6086.0
99.411,9785.0,3882.0
99.39,11900.0,7005.0
99.589,9969.0,4363.0
99.586,11908.0,7690.0
99.498,9870.0,4559.0
99.492,11923.0,6468.0
99.481,9863.0,4029.0
99.552,11994.0,6666.0
99.159,9803.0,3654.0
99.376,12011.0,6851.0
98.96,9813.0,3996.0
98.271,12072.0,7162.0
98.247,9757.0,3755.0
98.292,12064.0,6904.0
98.143,9743.0,3540.0
97.828,11995.0,5765.0
98.543,9483.0,3450.0
98.452,11868.0,6362.0
99.297,9332.0,4239.0
99.585,11988.0,6717.0
99.676,9278.0,3696.0
99.615,12050.0,7760.0
99.628,9440.0,4281.0
99.615,12201.0,6989.0
99.634,9458.0,2993.0
99.464,12044.0,4454.0
99.179,9255.0,1812.0
98.968,11511.0,2590.0
99.676,8870.0,3077.0
90.261,10656.0,10797.0
93.575,8522.0,7865.0
99.335,10095.0,4782.0
99.034,7252.0,1435.0
98.376,10039.0,1817.0
99.036,7144.0,925.0
98.778,9776.0,2021.0
99.04,7149.0,1032.0
99.136,9754.0,2524.0
99.233,7357.0,1294.0
99.458,10324.0,3673.0
99.349,7834.0,2136.0
99.181,11494.0,4601.0
99.199,8437.0,2601.0
99.118,12564.0,5167.0
99.65,9052.0,3414.0
99.519,13400.0,6409.0
99.605,9287.0,3786.0
99.493,13697.0,7061.0
99.336,9366.0,4189.0
99.244,13862.0,7610.0
99.323,9406.0,3961.0
99.596,13901.0,8627.0
99.39,9539.0,4238.0
99.516,13924.0,7199.0
99.34,9528.0,3611.0
99.438,13901.0,6900.0
99.429,9369.0,3658.0
99.555,13872.0,7838.0
99.191,9386.0,3679.0
99.511,13892.0,6518.0
99.526,9370.0,3988.0
99.53,13759.0,9105.0
99.502,9365.0,3793.0
99.404,13764.0,7670.0
99.43,9271.0,4013.0
99.23,13577.0,7470.0
99.158,9136.0,4477.0
99.186,13495.0,9144.0
99.419,9035.0,3934.0
99.613,13532.0,8230.0
99.462,9140.0,3883.0
99.539,13504.0,5831.0
99.513,9098.0,2863.0
99.443,13264.0,4638.0
99.547,8870.0,1978.0
99.078,12717.0,3008.0
99.669,8361.0,3615.0
14.955,11920.0,4124.0
99.396,8342.0,2139.0
47.089,8701.0,5872.0
98.806,8300.0,1076.0
98.376,8664.0,1454.0
98.835,8121.0,1018.0
98.676,8538.0,1491.0
99.074,7948.0,1070.0
98.659,8441.0,1619.0
98.536,7889.0,1279.0
99.104,8913.0,2545.0
99.623,8169.0,2378.0
99.492,10082.0,4308.0
99.233,8530.0,2846.0
98.672,11141.0,4905.0
99.008,8969.0,3093.0
99.316,12052.0,6244.0
99.516,9283.0,3292.0
99.624,12573.0,6622.0
99.537,9424.0,3224.0
99.485,12853.0,6758.0
99.334,9410.0,2834.0
99.458,13044.0,6973.0
99.539,9291.0,3242.0
99.557,13218.0,7185.0
99.261,9238.0,2820.0
99.439,13274.0,6907.0
99.483,9182.0,2696.0
99.426,13253.0,6580.0
99.33,9133.0,2669.0
99.373,13209.0,6344.0
99.346,9113.0,2736.0
99.19,13226.0,5021.0
99.265,9062.0,2566.0
99.512,13312.0,6112.0
99.387,9004.0,2916.0
99.586,13478.0,7702.0
99.645,8925.0,3372.0
99.728,13710.0,9169.0
99.605,8841.0,3278.0
99.672,13741.0,8500.0
99.865,8761.0,2961.0
99.632,13710.0,7841.0
99.634,8686.0,2447.0
99.549,13509.0,5073.0
99.267,8531.0,1760.0
99.402,13046.0,3493.0
99.758,8213.0,3301.0
99.359,12199.0,3718.0
99.171,7627.0,1077.0
99.149,11368.0,2330.0
98.846,7342.0,771.0
98.798,10867.0,1891.0
98.148,7169.0,848.0
98.983,10516.0,1850.0
97.881,7060.0,739.0
98.742,10357.0,2119.0
99.272,7034.0,955.0
5.857,10458.0,4484.0
98.43,8111.0,2508.0
4.975,5979.0,7814.0
98.979,8647.0,2617.0
5.848,5368.0,8927.0
99.268,9201.0,3119.0
10.807,8326.0,14393.0
99.203,9587.0,2989.0
18.516,8124.0,21083.0
99.571,9721.0,2782.0
33.518,9085.0,12540.0
99.547,9822.0,2858.0
99.616,9744.0,5450.0
99.405,9817.0,2675.0
99.194,10170.0,4306.0
99.669,9807.0,3007.0
99.323,10613.0,5134.0
99.598,9801.0,2976.0
99.481,10935.0,6326.0
99.417,9828.0,3411.0
49.824,10960.0,10472.0
99.16,9842.0,2834.0
47.489,10587.0,10687.0
99.438,9884.0,3006.0
70.576,10325.0,12329.0
99.526,9819.0,3988.0
28.588,10448.0,15813.0
99.663,9845.0,4725.0
9.651,10062.0,13141.0
99.279,10097.0,3444.0
8.03,9026.0,14221.0
99.057,10150.0,2836.0
12.466,7820.0,17974.0
99.087,10116.0,2278.0
22.482,7383.0,22451.0
99.083,9885.0,1945.0
12.902,7570.0,10190.0
99.607,9383.0,4051.0
29.108,6865.0,10321.0
99.261,8791.0,1344.0
14.878,6670.0,7182.0
98.599,8479.0,1126.0
48.598,6213.0,8857.0
98.899,8363.0,988.0
55.073,6258.0,4402.0
98.379,8279.0,1032.0
17.329,6255.0,7506.0
98.678,8403.0,1493.0
14.519,5567.0,11277.0
99.224,8976.0,2813.0
5.518,5772.0,8057.0
99.532,9637.0,3615.0
12.417,6636.0,15370.0
99.496,10419.0,3950.0
22.669,6970.0,19718.0
99.527,10738.0,4001.0
26.183,8649.0,23084.0
99.559,10860.0,4966.0
99.631,9732.0,11603.0
99.644,10853.0,5319.0
99.638,10195.0,11823.0
99.493,10779.0,4903.0
99.602,10543.0,12250.0
99.439,10621.0,4784.0
99.579,10925.0,8997.0
99.613,10517.0,3601.0
99.572,11123.0,7446.0
99.265,10412.0,3375.0
78.068,11143.0,15413.0
99.351,10424.0,4132.0
98.737,10900.0,8756.0
99.55,10358.0,3541.0
74.854,10886.0,10484.0
99.44,10195.0,3553.0
99.745,11074.0,9793.0
99.726,9978.0,4010.0
99.826,11659.0,13159.0
99.623,9942.0,4230.0
71.009,11904.0,20072.0
99.619,9997.0,3922.0
99.654,11028.0,13234.0
99.621,9961.0,3154.0
17.823,10980.0,18012.0
98.652,9832.0,1756.0
31.542,8575.0,13557.0
99.619,9414.0,3920.0
99.428,8010.0,4345.0
99.224,8813.0,1278.0
30.795,7804.0,4064.0
98.562,8500.0,1097.0
15.7,7283.0,4711.0
98.675,8320.0,1117.0
97.028,6936.0,2253.0
98.329,8256.0,1177.0
24.636,6983.0,5061.0
99.022,8366.0,1722.0
27.536,7390.0,5959.0
99.468,9110.0,3181.0
23.639,7415.0,18065.0
99.306,9792.0,3576.0
23.991,8786.0,16134.0
99.572,10534.0,3956.0
17.24,9256.0,17866.0
99.104,10820.0,3761.0
32.308,8888.0,22403.0
99.446,10964.0,3589.0
99.339,10156.0,6617.0
99.643,10902.0,4463.0
99.497,10665.0,6922.0
99.374,10716.0,3807.0
99.112,10954.0,6365.0
99.498,10679.0,3570.0
99.018,11162.0,6047.0
99.174,10621.0,3360.0
99.04,11333.0,6606.0
99.3,10578.0,3404.0
99.394,11506.0,7549.0
99.362,10504.0,3272.0
99.313,11637.0,6796.0
99.419,10366.0,3251.0
99.389,11718.0,6829.0
99.369,10242.0,3307.0
99.493,11982.0,6870.0
99.389,10108.0,3253.0
14.472,12190.0,10405.0
99.289,10399.0,3912.0
99.785,10858.0,11604.0
99.615,10332.0,3368.0
99.563,11030.0,7515.0
99.622,10153.0,3161.0
99.585,10901.0,5515.0
99.303,9817.0,1853.0
99.012,10476.0,2705.0
99.65,9294.0,3703.0
99.127,9813.0,2840.0
91.98,8643.0,3200.0
26.777,9305.0,9078.0
99.153,8242.0,1755.0
98.595,7999.0,1754.0
98.37,8115.0,1026.0
99.054,7867.0,1885.0
99.124,7993.0,1018.0
27.718,7778.0,2667.0
99.017,8186.0,1712.0
26.145,7753.0,10797.0
99.433,8800.0,2981.0
33.412,8430.0,14244.0
99.526,9623.0,3567.0
40.865,9139.0,21139.0
99.244,10479.0,3936.0
9.326,9789.0,10611.0
99.149,10728.0,4078.0
29.811,10083.0,15436.0
99.547,10848.0,4619.0
99.396,10940.0,7407.0
99.415,10841.0,4076.0
99.641,11243.0,10281.0
99.779,10738.0,4511.0
99.698,11489.0,12218.0
99.516,10600.0,4109.0
99.624,11593.0,11648.0
99.477,10516.0,4185.0
99.691,11817.0,11297.0
99.563,10436.0,3877.0
99.372,11921.0,11076.0
99.644,10352.0,3917.0
99.548,12039.0,10122.0
99.594,10238.0,3437.0
99.572,12147.0,8847.0
99.516,10194.0,3497.0
99.702,12299.0,9718.0
99.738,9968.0,3809.0
99.671,12481.0,11803.0
99.646,9740.0,4226.0
36.73,12788.0,21506.0
99.555,10077.0,4024.0
41.687,11130.0,17449.0
99.468,10105.0,2989.0
48.267,10480.0,20662.0
99.12,9878.0,2027.0
45.019,9359.0,12482.0
99.792,9546.0,3838.0
33.567,8785.0,6088.0
98.847,8854.0,1286.0
36.066,7990.0,7179.0
98.772,8599.0,965.0
39.931,7602.0,5784.0
98.921,8393.0,917.0
98.441,7278.0,2084.0
98.713,8182.0,1227.0
98.731,7453.0,2334.0
99.552,8326.0,1556.0
34.348,7965.0,6716.0
99.758,8931.0,2887.0
20.639,8457.0,13599.0
99.486,9645.0,3676.0
35.353,9423.0,16679.0
99.727,10151.0,4377.0
43.398,9819.0,24994.0
99.601,10625.0,3993.0
37.489,10118.0,17801.0
99.544,10700.0,4589.0
43.027,10216.0,20663.0
99.677,10826.0,5551.0
99.666,10947.0,11043.0
99.546,10600.0,4606.0
99.274,11284.0,11620.0
99.558,10393.0,4725.0
99.672,11490.0,9406.0
99.092,10291.0,3382.0
99.438,11667.0,6723.0
99.651,10245.0,3140.0
99.283,11770.0,6093.0
99.367,10211.0,2983.0
99.421,11918.0,6356.0
99.48,10141.0,3250.0
99.535,12075.0,6637.0
99.583,10108.0,3586.0
99.597,12324.0,7170.0
99.596,9916.0,3696.0
99.675,12636.0,8579.0
99.665,9799.0,3567.0
99.676,12802.0,9527.0
99.617,9679.0,3379.0
99.65,12880.0,9403.0
99.563,9536.0,2959.0
99.594,12762.0,5881.0
99.325,9205.0,1765.0
99.113,12114.0,2793.0
99.546,8665.0,3508.0
37.385,11273.0,5841.0
98.717,8219.0,1154.0
98.119,9463.0,1669.0
98.827,7796.0,927.0
98.45,9148.0,1397.0
98.841,7650.0,853.0
19.136,8911.0,2881.0
98.44,7671.0,1136.0
25.275,8037.0,8900.0
98.787,7736.0,1791.0
10.436,7614.0,9112.0
99.448,8108.0,2701.0
14.257,8027.0,11236.0
99.358,8861.0,3405.0
12.283,8525.0,14257.0
99.18,9597.0,3993.0
16.973,8378.0,21237.0
99.248,10287.0,3959.0
16.301,8912.0,22029.0
99.539,10400.0,4100.0
33.487,9732.0,20750.0
99.564,10468.0,4563.0
