Start Time,NE Name,ratio,maximum,success,uplink,downlink
2020-09-23 00:00:00,YDEUGW,100.0,8842.0,4243.0,125672413.0,780855143.0
2020-09-23 01:00:00,YDEUGW,100.0,8029.0,1761.0,120271721.0,894313140.0
2020-09-23 02:00:00,YDEUGW,100.0,7511.0,1432.0,113310665.0,723522127.0
2020-09-23 03:00:00,YDEUGW,100.0,7260.0,1151.0,131486406.0,606411692.0
2020-09-23 04:00:00,YDEUGW,100.0,7045.0,1228.0,146347596.0,584547212.0
2020-09-23 05:00:00,YDEUGW,99.931,7111.0,1456.0,155192546.0,627558661.0
2020-09-23 06:00:00,YDEUGW,100.0,7587.0,2675.0,222526862.0,837670310.0
2020-09-23 07:00:00,YDEUGW,99.897,8364.0,3863.0,297581805.0,1262016690.0
2020-09-23 08:00:00,YDEUGW,100.0,9278.0,4256.0,350598811.0,1741474663.0
2020-09-23 09:00:00,YDEUGW,99.935,9924.0,4589.0,347395756.0,1993158895.0
2020-09-23 10:00:00,YDEUGW,99.98100000000001,10200.0,5128.0,291178292.0,1907063514.0
2020-09-23 11:00:00,YDEUGW,99.91,10345.0,4430.0,289693950.0,1884177134.0
2020-09-23 12:00:00,YDEUGW,99.956,10401.0,4544.0,293302763.0,1888021016.0
2020-09-23 13:00:00,YDEUGW,99.95200000000001,10391.0,4129.0,286961218.0,1920763600.0
2020-09-23 14:00:00,YDEUGW,100.0,10318.0,3903.0,286252924.0,1912588930.0
2020-09-23 15:00:00,YDEUGW,99.95100000000001,10265.0,4115.0,286283330.0,1903110237.0
2020-09-23 16:00:00,YDEUGW,100.0,10215.0,3954.0,284985965.0,1944351141.0
2020-09-23 17:00:00,YDEUGW,99.97399999999999,10176.0,3796.0,294918020.0,1929562555.0
2020-09-23 18:00:00,YDEUGW,99.95200000000001,10065.0,4179.0,291841810.0,1857843634.0
2020-09-23 19:00:00,YDEUGW,100.0,9984.0,3773.0,270096380.0,1851871307.0
2020-09-23 20:00:00,YDEUGW,99.92299999999999,9906.0,3888.0,265675699.0,1812151469.0
2020-09-23 21:00:00,YDEUGW,99.95,9792.0,3972.0,272545940.0,1868239988.0
2020-09-23 22:00:00,YDEUGW,100.0,9727.0,2915.0,273438606.0,1931152823.0
2020-09-23 23:00:00,YDEUGW,100.0,9559.0,2315.0,287022599.0,2015605182.0
2020-09-24 00:00:00,YDEUGW,99.95,9024.0,4006.0,144710388.0,861364572.0
2020-09-24 01:00:00,YDEUGW,99.93,8186.0,1426.0,142273044.0,973986881.0
2020-09-24 02:00:00,YDEUGW,100.0,7767.0,1239.0,134150713.0,750894190.0
2020-09-24 03:00:00,YDEUGW,99.906,7570.0,1068.0,131420536.0,691201460.0
2020-09-24 04:00:00,YDEUGW,100.0,7385.0,1121.0,131798342.0,653914408.0
2020-09-24 05:00:00,YDEUGW,100.0,7289.0,1445.0,162879175.0,715657954.0
2020-09-24 06:00:00,YDEUGW,100.0,7884.0,2497.0,249162972.0,990253888.0
2020-09-24 07:00:00,YDEUGW,99.66,8570.0,3518.0,322179576.0,1452238478.0
2020-09-24 08:00:00,YDEUGW,99.978,9404.0,4609.0,386120864.0,1842001023.0
2020-09-24 09:00:00,YDEUGW,100.0,9788.0,4186.0,333845252.0,1964949436.0
2020-09-24 10:00:00,YDEUGW,99.977,10144.0,4419.0,291046944.0,1852718613.0
2020-09-24 11:00:00,YDEUGW,99.949,10262.0,3950.0,289954112.0,1832328446.0
2020-09-24 12:00:00,YDEUGW,99.976,10338.0,4187.0,287004173.0,1818766722.0
2020-09-24 13:00:00,YDEUGW,100.0,10311.0,3685.0,289943707.0,1860496699.0
2020-09-24 14:00:00,YDEUGW,100.0,10302.0,3451.0,280589567.0,1867846494.0
2020-09-24 15:00:00,YDEUGW,99.973,10258.0,3745.0,286067536.0,1876657309.0
2020-09-24 16:00:00,YDEUGW,99.973,10278.0,3738.0,289195074.0,1874249982.0
2020-09-24 17:00:00,YDEUGW,99.97,10146.0,3374.0,287631004.0,1903774314.0
2020-09-24 18:00:00,YDEUGW,100.0,10051.0,3529.0,296052898.0,1965976677.0
2020-09-24 19:00:00,YDEUGW,99.822,9967.0,3926.0,288361422.0,1900515407.0
2020-09-24 20:00:00,YDEUGW,99.805,9989.0,4090.0,280413036.0,1876784538.0
2020-09-24 21:00:00,YDEUGW,99.82799999999999,10047.0,4068.0,266124321.0,1884037176.0
2020-09-24 22:00:00,YDEUGW,99.803,10051.0,3546.0,273620028.0,1885497976.0
2020-09-24 23:00:00,YDEUGW,99.71600000000001,9833.0,2455.0,276230171.0,2013080730.0
2020-09-25 00:00:00,YDEUGW,99.758,9378.0,4123.0,142208256.0,842621118.0
2020-09-25 01:00:00,YDEUGW,99.602,8403.0,1500.0,138624853.0,941994529.0
2020-09-25 02:00:00,YDEUGW,100.0,7952.0,1235.0,146868729.0,807076180.0
2020-09-25 03:00:00,YDEUGW,99.921,7701.0,1268.0,155651764.0,678702889.0
2020-09-25 04:00:00,YDEUGW,100.0,7872.0,1791.0,170911810.0,711500044.0
2020-09-25 05:00:00,YDEUGW,99.934,7895.0,1517.0,151136641.0,686648693.0
2020-09-25 06:00:00,YDEUGW,99.963,8493.0,2728.0,237099076.0,1066601707.0
2020-09-25 07:00:00,YDEUGW,99.975,9285.0,3957.0,314687296.0,1582493363.0
2020-09-25 08:00:00,YDEUGW,100.0,10065.0,4747.0,375953811.0,1958221049.0
2020-09-25 09:00:00,YDEUGW,100.0,10484.0,4446.0,309242682.0,1917804941.0
2020-09-25 10:00:00,YDEUGW,99.914,10713.0,4669.0,294561926.0,1867381872.0
2020-09-25 11:00:00,YDEUGW,99.84,10723.0,4990.0,302987114.0,1852034544.0
2020-09-25 12:00:00,YDEUGW,99.82700000000001,10726.0,4028.0,288100600.0,1853580190.0
2020-09-25 13:00:00,YDEUGW,99.77799999999999,10657.0,3599.0,289330447.0,1869864851.0
2020-09-25 14:00:00,YDEUGW,99.626,10492.0,3999.0,287843186.0,1918484649.0
2020-09-25 15:00:00,YDEUGW,99.755,10468.0,3661.0,289879317.0,1940788888.0
2020-09-25 16:00:00,YDEUGW,99.745,10453.0,3522.0,296624528.0,1963405594.0
2020-09-25 17:00:00,YDEUGW,99.34700000000001,10331.0,3347.0,305553337.0,1965765460.0
2020-09-25 18:00:00,YDEUGW,99.568,10178.0,3686.0,314353711.0,2001436097.0
2020-09-25 19:00:00,YDEUGW,97.926,10074.0,3211.0,307303168.0,1997248934.0
2020-09-25 20:00:00,YDEUGW,98.95,10103.0,3393.0,287065962.0,1958561513.0
2020-09-25 21:00:00,YDEUGW,99.14399999999999,10123.0,3590.0,273089973.0,1944612737.0
2020-09-25 22:00:00,YDEUGW,99.15700000000001,10056.0,2939.0,267672963.0,1965142448.0
2020-09-25 23:00:00,YDEUGW,99.06299999999999,9882.0,2115.0,277881887.0,2042611095.0
2020-09-26 00:00:00,YDEUGW,99.363,9418.0,3899.0,144142254.0,898711846.0
2020-09-26 01:00:00,YDEUGW,98.461,8682.0,1599.0,158307811.0,1049534229.0
2020-09-26 02:00:00,YDEUGW,98.089,8294.0,1129.0,142554932.0,907052964.0
2020-09-26 03:00:00,YDEUGW,96.774,8007.0,900.0,153698210.0,737299659.0
2020-09-26 04:00:00,YDEUGW,97.62100000000001,7860.0,985.0,149929157.0,636728882.0
2020-09-26 05:00:00,YDEUGW,97.64,7824.0,1324.0,186787762.0,657366347.0
2020-09-26 06:00:00,YDEUGW,98.75299999999999,8260.0,2376.0,235566356.0,945044916.0
2020-09-26 07:00:00,YDEUGW,99.22399999999999,8907.0,3070.0,314259634.0,1395185090.0
2020-09-26 08:00:00,YDEUGW,99.331,9350.0,3266.0,391557497.0,1782941670.0
2020-09-26 09:00:00,YDEUGW,99.199,9938.0,3713.0,386856165.0,1995481789.0
2020-09-26 10:00:00,YDEUGW,98.851,10070.0,3269.0,345747157.0,2035470925.0
2020-09-26 11:00:00,YDEUGW,99.119,10088.0,3377.0,321453855.0,2028582825.0
2020-09-26 12:00:00,YDEUGW,99.354,10095.0,3537.0,297182260.0,2083075389.0
2020-09-26 13:00:00,YDEUGW,99.12200000000001,9948.0,3161.0,292129858.0,2086519007.0
2020-09-26 14:00:00,YDEUGW,99.29899999999999,9863.0,4251.0,334108063.0,2088955730.0
2020-09-26 15:00:00,YDEUGW,99.441,9841.0,3378.0,328236005.0,2074151419.0
2020-09-26 16:00:00,YDEUGW,99.367,9854.0,3299.0,311051979.0,2068838640.0
2020-09-26 17:00:00,YDEUGW,99.305,9753.0,2999.0,330241924.0,2080931666.0
2020-09-26 18:00:00,YDEUGW,99.421,9657.0,3432.0,324132079.0,2074254769.0
2020-09-26 19:00:00,YDEUGW,99.495,9891.0,6502.0,308726632.0,2093206472.0
2020-09-26 20:00:00,YDEUGW,99.617,9892.0,3901.0,286273502.0,2086028645.0
2020-09-26 21:00:00,YDEUGW,99.13799999999999,9967.0,3219.0,275421089.0,1988014333.0
2020-09-26 22:00:00,YDEUGW,99.426,9873.0,2946.0,269046177.0,2006986112.0
2020-09-26 23:00:00,YDEUGW,98.92299999999999,9696.0,2204.0,294717786.0,2120245651.0
2020-09-27 00:00:00,YDEUGW,99.398,9270.0,3797.0,114468965.0,757188679.0
2020-09-27 01:00:00,YDEUGW,98.007,8517.0,1672.0,136649931.0,908690713.0
2020-09-27 02:00:00,YDEUGW,97.956,8119.0,1390.0,142173922.0,765824001.0
2020-09-27 03:00:00,YDEUGW,98.014,7942.0,1382.0,160135268.0,706978382.0
2020-09-27 04:00:00,YDEUGW,98.98100000000001,7717.0,1166.0,150444164.0,657199072.0
2020-09-27 05:00:00,YDEUGW,98.09299999999999,7480.0,1183.0,169275332.0,639663623.0
2020-09-27 06:00:00,YDEUGW,99.32,7728.0,1898.0,228897954.0,905910524.0
2020-09-27 07:00:00,YDEUGW,99.13799999999999,8333.0,2646.0,283522304.0,1381576956.0
2020-09-27 08:00:00,YDEUGW,99.675,8788.0,3063.0,347091783.0,1633720379.0
2020-09-27 09:00:00,YDEUGW,99.42299999999999,9042.0,2929.0,400271347.0,1834633240.0
2020-09-27 10:00:00,YDEUGW,99.354,9272.0,2921.0,399534373.0,1961666704.0
2020-09-27 11:00:00,YDEUGW,99.01,9877.0,3502.0,351386773.0,1883294085.0
2020-09-27 12:00:00,YDEUGW,99.302,9936.0,2845.0,323766094.0,1945579821.0
2020-09-27 13:00:00,YDEUGW,99.695,10132.0,6541.0,319088931.0,1940431638.0
2020-09-27 14:00:00,YDEUGW,98.98200000000001,10218.0,2819.0,293496999.0,2008995799.0
2020-09-27 15:00:00,YDEUGW,99.117,10061.0,2917.0,309416767.0,2003903954.0
2020-09-27 16:00:00,YDEUGW,99.515,10148.0,2870.0,310105363.0,2021929051.0
2020-09-27 17:00:00,YDEUGW,99.353,10072.0,2919.0,293733786.0,2009765321.0
2020-09-27 18:00:00,YDEUGW,99.07600000000001,10087.0,3001.0,302344765.0,2016532550.0
2020-09-27 19:00:00,YDEUGW,99.12700000000001,10240.0,3180.0,284701626.0,1933998963.0
2020-09-27 20:00:00,YDEUGW,98.978,10271.0,3195.0,281476593.0,1873285296.0
2020-09-27 21:00:00,YDEUGW,99.38799999999999,10305.0,3250.0,282298842.0,1859242720.0
2020-09-27 22:00:00,YDEUGW,98.971,10288.0,2692.0,279471056.0,1909071348.0
2020-09-27 23:00:00,YDEUGW,98.73200000000001,10112.0,1947.0,276391275.0,2023369108.0
2020-09-28 00:00:00,YDEUGW,99.486,9523.0,3486.0,129995542.0,729329696.0
2020-09-28 01:00:00,YDEUGW,97.96700000000001,8724.0,1349.0,130695553.0,873980974.0
2020-09-28 02:00:00,YDEUGW,97.751,8370.0,1130.0,124327289.0,655094937.0
2020-09-28 03:00:00,YDEUGW,98.624,8107.0,932.0,120554251.0,572736064.0
2020-09-28 04:00:00,YDEUGW,99.09299999999999,7953.0,1092.0,152579685.0,498695433.0
2020-09-28 05:00:00,YDEUGW,98.75,7976.0,1264.0,195110744.0,664634205.0
2020-09-28 06:00:00,YDEUGW,99.223,8406.0,2170.0,269611707.0,957816784.0
2020-09-28 07:00:00,YDEUGW,99.266,9268.0,3383.0,319902161.0,1366944226.0
2020-09-28 08:00:00,YDEUGW,99.32600000000001,10277.0,4418.0,386621036.0,1846059551.0
2020-09-28 09:00:00,YDEUGW,99.16799999999999,10631.0,3934.0,336393964.0,1897555822.0
2020-09-28 10:00:00,YDEUGW,99.061,10951.0,3799.0,314133922.0,1770147158.0
2020-09-28 11:00:00,YDEUGW,99.249,11025.0,3701.0,294051889.0,1733373198.0
2020-09-28 12:00:00,YDEUGW,99.149,11018.0,3611.0,294662562.0,1735148157.0
2020-09-28 13:00:00,YDEUGW,98.971,11038.0,3461.0,275020215.0,1747330426.0
2020-09-28 14:00:00,YDEUGW,99.228,10996.0,3984.0,274012217.0,1780160146.0
2020-09-28 15:00:00,YDEUGW,99.194,10976.0,4060.0,277092008.0,1784401121.0
2020-09-28 16:00:00,YDEUGW,99.324,10976.0,3823.0,289384314.0,1779399180.0
2020-09-28 17:00:00,YDEUGW,99.2,10828.0,3718.0,298267880.0,1808662455.0
2020-09-28 18:00:00,YDEUGW,99.08,10701.0,3771.0,294502034.0,1857556631.0
2020-09-28 19:00:00,YDEUGW,99.309,10550.0,4023.0,281594615.0,1920523573.0
2020-09-28 20:00:00,YDEUGW,99.439,10366.0,4078.0,289681331.0,1850665810.0
2020-09-28 21:00:00,YDEUGW,99.305,10375.0,4287.0,274117943.0,1816474749.0
2020-09-28 22:00:00,YDEUGW,99.227,10293.0,3596.0,267709630.0,1878131716.0
2020-09-28 23:00:00,YDEUGW,46.93,9959.0,1735.0,281437130.0,2017389141.0
2020-09-29 00:00:00,YDEUGW,99.473,9302.0,3586.0,124647112.0,695642143.0
2020-09-29 01:00:00,YDEUGW,99.027,8608.0,1120.0,131075853.0,794727648.0
2020-09-29 02:00:00,YDEUGW,98.9,8004.0,1079.0,131210585.0,652630890.0
2020-09-29 03:00:00,YDEUGW,98.109,7918.0,882.0,143481509.0,544164727.0
2020-09-29 04:00:00,YDEUGW,98.271,7789.0,966.0,134838812.0,526111802.0
2020-09-29 05:00:00,YDEUGW,98.64299999999999,7729.0,1090.0,182892825.0,628318308.0
2020-09-29 06:00:00,YDEUGW,99.32799999999999,8230.0,2218.0,243917693.0,896548563.0
2020-09-29 07:00:00,YDEUGW,99.24600000000001,8946.0,3291.0,313603154.0,1378554439.0
2020-09-29 08:00:00,YDEUGW,99.374,9808.0,3969.0,384062160.0,1884327025.0
2020-09-29 09:00:00,YDEUGW,99.417,10190.0,3751.0,321479668.0,1905473710.0
2020-09-29 10:00:00,YDEUGW,99.206,10395.0,3625.0,305758408.0,1781152964.0
2020-09-29 11:00:00,YDEUGW,98.632,11414.0,4471.0,281198082.0,1679801242.0
2020-09-29 12:00:00,YDEUGW,99.04899999999999,11491.0,3647.0,283715295.0,1680101424.0
2020-09-29 13:00:00,YDEUGW,99.382,11456.0,3537.0,281389686.0,1704479894.0
2020-09-29 14:00:00,YDEUGW,99.48100000000001,11388.0,4028.0,280980617.0,1743724176.0
2020-09-29 15:00:00,YDEUGW,99.21600000000001,11255.0,3797.0,282228011.0,1770490145.0
2020-09-29 16:00:00,YDEUGW,99.038,11341.0,3706.0,292432651.0,1726664011.0
2020-09-29 17:00:00,YDEUGW,99.13799999999999,11408.0,3794.0,291217023.0,1714599068.0
2020-09-29 18:00:00,YDEUGW,99.365,11358.0,3756.0,293647191.0,1743248208.0
2020-09-29 19:00:00,YDEUGW,99.36,11168.0,3107.0,290929449.0,1741335626.0
2020-09-29 20:00:00,YDEUGW,99.406,10921.0,3514.0,270947189.0,1705242261.0
2020-09-29 21:00:00,YDEUGW,99.464,10923.0,3894.0,272810215.0,1692272474.0
2020-09-29 22:00:00,YDEUGW,99.506,10822.0,2822.0,259928103.0,1815682126.0
2020-09-29 23:00:00,YDEUGW,99.32600000000001,10563.0,1917.0,271730210.0,1935514594.0
2020-09-30 00:00:00,YDEUGW,99.45,10007.0,4158.0,154316939.0,842146097.0
2020-09-30 01:00:00,YDEUGW,98.935,9137.0,1393.0,147292544.0,918028380.0
2020-09-30 02:00:00,YDEUGW,98.464,8708.0,1026.0,128411160.0,817750457.0
2020-09-30 03:00:00,YDEUGW,98.88799999999999,8544.0,1067.0,139487094.0,727872893.0
2020-09-30 04:00:00,YDEUGW,98.62,8392.0,1072.0,138791483.0,629318314.0
2020-09-30 05:00:00,YDEUGW,99.345,8390.0,1365.0,184540233.0,625176289.0
2020-09-30 06:00:00,YDEUGW,99.186,8868.0,2316.0,257649219.0,982637311.0
2020-09-30 07:00:00,YDEUGW,99.13600000000001,9178.0,7688.0,314932154.0,1313373764.0
2020-09-30 08:00:00,YDEUGW,99.48700000000001,9903.0,4264.0,381531418.0,1768585724.0
2020-09-30 09:00:00,YDEUGW,99.296,10446.0,3810.0,317710887.0,1832785389.0
2020-09-30 10:00:00,YDEUGW,99.241,10641.0,3922.0,284603659.0,1750856447.0
2020-09-30 11:00:00,YDEUGW,99.274,10770.0,3557.0,291938516.0,1706106695.0
2020-09-30 12:00:00,YDEUGW,99.027,10777.0,3460.0,279175317.0,1709164139.0
2020-09-30 13:00:00,YDEUGW,99.626,10737.0,4528.0,280100503.0,1756988796.0
2020-09-30 14:00:00,YDEUGW,99.391,10630.0,3591.0,276160210.0,1795727271.0
2020-09-30 15:00:00,YDEUGW,99.17,10547.0,3702.0,272044214.0,1806964808.0
2020-09-30 16:00:00,YDEUGW,99.29899999999999,10508.0,3398.0,272461387.0,1797694070.0
2020-09-30 17:00:00,YDEUGW,99.315,10430.0,3189.0,276354032.0,1807848587.0
2020-09-30 18:00:00,YDEUGW,99.361,10308.0,3266.0,293967913.0,1878804330.0
2020-09-30 19:00:00,YDEUGW,98.54799999999999,10110.0,3325.0,295399302.0,1837981810.0
2020-09-30 20:00:00,YDEUGW,99.491,10050.0,3128.0,270532413.0,1827847887.0
2020-09-30 21:00:00,YDEUGW,99.336,10072.0,4040.0,274756170.0,1809262580.0
2020-09-30 22:00:00,YDEUGW,99.18,9950.0,3144.0,267598031.0,1842939247.0
2020-09-30 23:00:00,YDEUGW,98.96799999999999,9709.0,2014.0,272444893.0,1932331097.0
2020-10-01 00:00:00,YDEUGW,99.514,9209.0,3894.0,125960218.0,792399199.0
2020-10-01 01:00:00,YDEUGW,98.727,8484.0,1784.0,138172635.0,863556464.0
2020-10-01 02:00:00,YDEUGW,99.01100000000001,8435.0,1301.0,128426697.0,756762843.0
2020-10-01 03:00:00,YDEUGW,98.575,8283.0,1107.0,118609175.0,576735759.0
2020-10-01 04:00:00,YDEUGW,98.801,8166.0,1154.0,138076231.0,529301840.0
2020-10-01 05:00:00,YDEUGW,99.24600000000001,8222.0,1447.0,157981504.0,617995521.0
2020-10-01 06:00:00,YDEUGW,99.381,8675.0,2408.0,244660260.0,956942912.0
2020-10-01 07:00:00,YDEUGW,99.329,9276.0,3257.0,325792806.0,1415356038.0
2020-10-01 08:00:00,YDEUGW,99.64399999999999,10050.0,4197.0,379524850.0,1821562184.0
2020-10-01 09:00:00,YDEUGW,99.265,10428.0,3648.0,327021936.0,1861260827.0
2020-10-01 10:00:00,YDEUGW,99.43299999999999,10652.0,3331.0,284000749.0,1771708137.0
2020-10-01 11:00:00,YDEUGW,99.07799999999999,10792.0,3333.0,281767758.0,1730846088.0
2020-10-01 12:00:00,YDEUGW,99.37700000000001,10792.0,3352.0,285919608.0,1754317832.0
2020-10-01 13:00:00,YDEUGW,99.177,10801.0,3011.0,287484412.0,1777370317.0
2020-10-01 14:00:00,YDEUGW,99.56700000000001,10721.0,3448.0,271670423.0,1832019650.0
2020-10-01 15:00:00,YDEUGW,99.152,10551.0,3157.0,270854752.0,1849377749.0
2020-10-01 16:00:00,YDEUGW,99.615,10534.0,3367.0,273990085.0,1810838820.0
2020-10-01 17:00:00,YDEUGW,99.227,10412.0,3210.0,284304246.0,1837519459.0
2020-10-01 18:00:00,YDEUGW,99.31,10316.0,3597.0,299238590.0,1869052626.0
2020-10-01 19:00:00,YDEUGW,99.429,10220.0,4178.0,295033914.0,1892244502.0
2020-10-01 20:00:00,YDEUGW,99.53299999999999,10097.0,3408.0,289427129.0,1837402077.0
2020-10-01 21:00:00,YDEUGW,99.454,10047.0,3094.0,278768548.0,1827478318.0
2020-10-01 22:00:00,YDEUGW,99.43700000000001,9944.0,3002.0,275581848.0,1865851402.0
2020-10-01 23:00:00,YDEUGW,98.95200000000001,9663.0,2077.0,303516816.0,1992981494.0
2020-10-02 00:00:00,YDEUGW,99.499,9230.0,3775.0,111952738.0,728756533.0
2020-10-02 01:00:00,YDEUGW,99.101,8457.0,1323.0,122877440.0,852027693.0
2020-10-02 02:00:00,YDEUGW,98.516,8033.0,996.0,123997592.0,683873150.0
2020-10-02 03:00:00,YDEUGW,99.066,7842.0,1061.0,139287800.0,565548046.0
2020-10-02 04:00:00,YDEUGW,98.016,7674.0,988.0,134827451.0,502683613.0
2020-10-02 05:00:00,YDEUGW,98.648,7790.0,1240.0,162373949.0,576984564.0
2020-10-02 06:00:00,YDEUGW,99.37100000000001,8311.0,2370.0,234725882.0,932060256.0
2020-10-02 07:00:00,YDEUGW,99.24700000000001,9010.0,3558.0,327421002.0,1366184231.0
2020-10-02 08:00:00,YDEUGW,99.527,9814.0,3787.0,372067602.0,1747597366.0
2020-10-02 09:00:00,YDEUGW,99.194,10171.0,3694.0,361377983.0,1939976795.0
2020-10-02 10:00:00,YDEUGW,98.874,10336.0,3425.0,293648618.0,1875326751.0
2020-10-02 11:00:00,YDEUGW,99.329,10404.0,3258.0,299401421.0,1856306028.0
2020-10-02 12:00:00,YDEUGW,98.848,10153.0,3346.0,287819402.0,1868334847.0
2020-10-02 13:00:00,YDEUGW,99.311,10172.0,3603.0,282994901.0,1902265450.0
2020-10-02 14:00:00,YDEUGW,99.156,10193.0,3054.0,286606929.0,1918886627.0
2020-10-02 15:00:00,YDEUGW,99.25399999999999,10146.0,2926.0,283736747.0,1924034423.0
2020-10-02 16:00:00,YDEUGW,99.411,9998.0,3039.0,287932669.0,1976392061.0
2020-10-02 17:00:00,YDEUGW,99.45,9894.0,2891.0,328517768.0,2031359016.0
2020-10-02 18:00:00,YDEUGW,98.98,9736.0,3397.0,363611893.0,2008852277.0
2020-10-02 19:00:00,YDEUGW,99.47200000000001,9600.0,3201.0,329871171.0,1984154819.0
2020-10-02 20:00:00,YDEUGW,99.611,9416.0,4353.0,297518409.0,1939216786.0
2020-10-02 21:00:00,YDEUGW,99.086,9430.0,3686.0,247960202.0,1921657457.0
2020-10-02 22:00:00,YDEUGW,99.42200000000001,9525.0,2579.0,240102345.0,1884246515.0
2020-10-02 23:00:00,YDEUGW,99.389,9324.0,2113.0,276242344.0,2002595151.0
2020-10-03 00:00:00,YDEUGW,99.641,8933.0,4162.0,98185780.0,669913185.0
2020-10-03 01:00:00,YDEUGW,99.291,8393.0,1400.0,109834700.0,793891704.0
2020-10-03 02:00:00,YDEUGW,98.402,7995.0,1047.0,115319291.0,681658153.0
2020-10-03 03:00:00,YDEUGW,98.156,7779.0,958.0,106570831.0,551168644.0
2020-10-03 04:00:00,YDEUGW,98.70200000000001,7554.0,1141.0,123107430.0,495006679.0
2020-10-03 05:00:00,YDEUGW,98.89200000000001,7588.0,1339.0,146141151.0,537494413.0
2020-10-03 06:00:00,YDEUGW,99.25399999999999,7994.0,2263.0,208891073.0,805940131.0
2020-10-03 07:00:00,YDEUGW,99.544,8382.0,2836.0,291545309.0,1186593828.0
2020-10-03 08:00:00,YDEUGW,99.446,8953.0,3588.0,329112334.0,1507704285.0
2020-10-03 09:00:00,YDEUGW,99.348,9305.0,3198.0,342870123.0,1749552152.0
2020-10-03 10:00:00,YDEUGW,99.141,9410.0,3117.0,345818603.0,1853482991.0
2020-10-03 11:00:00,YDEUGW,99.50200000000001,9429.0,3200.0,335480938.0,1920965613.0
2020-10-03 12:00:00,YDEUGW,99.234,9352.0,3109.0,312267543.0,1937806637.0
2020-10-03 13:00:00,YDEUGW,99.37899999999999,9351.0,2880.0,283593708.0,1960407725.0
2020-10-03 14:00:00,YDEUGW,99.32,9231.0,2923.0,271466256.0,1928000508.0
2020-10-03 15:00:00,YDEUGW,99.025,9145.0,2741.0,249651284.0,1917506771.0
2020-10-03 16:00:00,YDEUGW,99.12700000000001,8979.0,2724.0,250359620.0,1809676739.0
2020-10-03 17:00:00,YDEUGW,99.337,9076.0,3146.0,253524793.0,1844093148.0
2020-10-03 18:00:00,YDEUGW,99.26700000000001,9141.0,3113.0,250110286.0,1861917183.0
2020-10-03 19:00:00,YDEUGW,99.31700000000001,9297.0,2909.0,276282843.0,1986082127.0
2020-10-03 20:00:00,YDEUGW,99.48100000000001,9348.0,3064.0,294343169.0,2076370179.0
2020-10-03 21:00:00,YDEUGW,99.47200000000001,9373.0,2828.0,277509437.0,2110521075.0
2020-10-03 22:00:00,YDEUGW,99.295,9260.0,2396.0,269963896.0,2131462313.0
2020-10-03 23:00:00,YDEUGW,99.399,9183.0,2151.0,256110200.0,2109813189.0
2020-10-04 00:00:00,YDEUGW,99.411,8730.0,3714.0,92863598.0,819587320.0
2020-10-04 01:00:00,YDEUGW,98.439,8197.0,1387.0,100629762.0,890547951.0
2020-10-04 02:00:00,YDEUGW,98.656,7808.0,1101.0,121596073.0,707024093.0
2020-10-04 03:00:00,YDEUGW,97.765,7552.0,1050.0,123115327.0,551138701.0
2020-10-04 04:00:00,YDEUGW,98.209,7462.0,932.0,119866131.0,456885657.0
2020-10-04 05:00:00,YDEUGW,98.061,7337.0,1062.0,130617671.0,483972441.0
2020-10-04 06:00:00,YDEUGW,99.18700000000001,7762.0,2073.0,200811439.0,776013425.0
2020-10-04 07:00:00,YDEUGW,99.286,8040.0,2504.0,261645237.0,1116644259.0
2020-10-04 08:00:00,YDEUGW,99.801,8143.0,2502.0,255054320.0,1309618222.0
2020-10-04 09:00:00,YDEUGW,99.689,7919.0,2888.0,274165267.0,1488882577.0
2020-10-04 10:00:00,YDEUGW,99.64299999999999,8376.0,3353.0,295515754.0,1605314901.0
2020-10-04 11:00:00,YDEUGW,99.20100000000001,8590.0,2730.0,304755418.0,1781990402.0
2020-10-04 12:00:00,YDEUGW,99.56200000000001,8815.0,2727.0,293878069.0,1835086151.0
2020-10-04 13:00:00,YDEUGW,99.655,8881.0,3756.0,289439616.0,1872971327.0
2020-10-04 14:00:00,YDEUGW,99.48,8954.0,3638.0,262618367.0,1800131496.0
2020-10-04 15:00:00,YDEUGW,99.274,8843.0,3143.0,256475121.0,1762065666.0
2020-10-04 16:00:00,YDEUGW,99.535,8666.0,2996.0,247568510.0,1762638943.0
2020-10-04 17:00:00,YDEUGW,99.40100000000001,8648.0,2986.0,260059029.0,1781475176.0
2020-10-04 18:00:00,YDEUGW,99.35600000000001,8776.0,2933.0,256713797.0,1792256718.0
2020-10-04 19:00:00,YDEUGW,99.43799999999999,8923.0,3187.0,274554528.0,1883310444.0
2020-10-04 20:00:00,YDEUGW,99.419,9063.0,2907.0,274910883.0,1892916990.0
2020-10-04 21:00:00,YDEUGW,99.185,9078.0,2557.0,293523577.0,1978545716.0
2020-10-04 22:00:00,YDEUGW,99.213,9080.0,2270.0,289250578.0,1952177966.0
2020-10-04 23:00:00,YDEUGW,99.064,8944.0,1799.0,250040050.0,1780802550.0
2020-10-05 00:00:00,YDEUGW,99.295,8492.0,3240.0,91354604.0,584116343.0
2020-10-05 01:00:00,YDEUGW,98.65799999999999,7841.0,1103.0,98349735.0,645306942.0
2020-10-05 02:00:00,YDEUGW,97.814,7471.0,895.0,92703178.0,536399865.0
2020-10-05 03:00:00,YDEUGW,98.01799999999999,7278.0,890.0,94761701.0,445330491.0
2020-10-05 04:00:00,YDEUGW,97.816,7177.0,851.0,94960492.0,427205792.0
2020-10-05 05:00:00,YDEUGW,98.661,7499.0,1621.0,163666353.0,509979259.0
2020-10-05 06:00:00,YDEUGW,99.307,8129.0,2435.0,246651041.0,744589656.0
2020-10-05 07:00:00,YDEUGW,99.38799999999999,8737.0,3088.0,277839738.0,1145924268.0
2020-10-05 08:00:00,YDEUGW,99.344,9514.0,3484.0,345104487.0,1628926805.0
2020-10-05 09:00:00,YDEUGW,98.43,9888.0,3261.0,372381474.0,1901723648.0
2020-10-05 10:00:00,YDEUGW,97.743,10064.0,3292.0,321591982.0,1843331920.0
2020-10-05 11:00:00,YDEUGW,97.979,10121.0,3103.0,300775389.0,1814864510.0
2020-10-05 12:00:00,YDEUGW,99.46600000000001,10172.0,2792.0,290320196.0,1865214198.0
2020-10-05 13:00:00,YDEUGW,99.238,10166.0,2996.0,309571665.0,1910659361.0
2020-10-05 14:00:00,YDEUGW,99.73299999999999,10109.0,7849.0,300192975.0,1802765187.0
2020-10-05 15:00:00,YDEUGW,99.648,10120.0,3963.0,311230482.0,2008207882.0
2020-10-05 16:00:00,YDEUGW,99.13600000000001,10116.0,3214.0,279956789.0,2037339577.0
2020-10-05 17:00:00,YDEUGW,99.149,10020.0,2911.0,307194820.0,2077223936.0
2020-10-05 18:00:00,YDEUGW,99.583,9814.0,2867.0,317517068.0,2012836023.0
2020-10-05 19:00:00,YDEUGW,99.257,9598.0,2940.0,321097590.0,2026159694.0
2020-10-05 20:00:00,YDEUGW,99.45100000000001,9611.0,2717.0,314193535.0,2108656477.0
2020-10-05 21:00:00,YDEUGW,99.23200000000001,9649.0,2584.0,286938347.0,2061211732.0
2020-10-05 22:00:00,YDEUGW,98.90700000000001,9509.0,1990.0,285134884.0,2096166049.0
2020-10-05 23:00:00,YDEUGW,99.20700000000001,9325.0,1376.0,277192382.0,2041979561.0
2020-10-06 00:00:00,YDEUGW,99.609,8825.0,3058.0,123827299.0,624722094.0
2020-10-06 01:00:00,YDEUGW,98.395,8149.0,981.0,123514310.0,677521198.0
2020-10-06 02:00:00,YDEUGW,97.959,7836.0,768.0,101012663.0,547901644.0
2020-10-06 03:00:00,YDEUGW,97.271,7647.0,713.0,105656650.0,448373875.0
2020-10-06 04:00:00,YDEUGW,97.89200000000001,7563.0,836.0,109448861.0,437736656.0
2020-10-06 05:00:00,YDEUGW,99.198,7603.0,1237.0,147060174.0,560925802.0
2020-10-06 06:00:00,YDEUGW,99.329,8085.0,2219.0,257162445.0,863205079.0
2020-10-06 07:00:00,YDEUGW,99.56700000000001,8805.0,3216.0,305768970.0,1256296132.0
2020-10-06 08:00:00,YDEUGW,99.663,9393.0,4439.0,334455559.0,1668689000.0
2020-10-06 09:00:00,YDEUGW,99.40799999999999,9748.0,3356.0,350689737.0,1942578490.0
2020-10-06 10:00:00,YDEUGW,99.323,9924.0,3081.0,301404744.0,1927604676.0
2020-10-06 11:00:00,YDEUGW,99.448,9960.0,3241.0,291188020.0,1919395128.0
2020-10-06 12:00:00,YDEUGW,99.33,10015.0,3263.0,284682346.0,1925898375.0
2020-10-06 13:00:00,YDEUGW,8.485,9968.0,7372.0,146157069.0,961383066.0
2020-10-06 14:00:00,YDEUGW,99.23700000000001,6093.0,4160.0,162539967.0,963629496.0
2020-10-06 15:00:00,YDEUGW,99.147,6322.0,2556.0,172163036.0,1130493397.0
2020-10-06 16:00:00,YDEUGW,99.064,6425.0,2222.0,177562701.0,1274594809.0
2020-10-06 17:00:00,YDEUGW,99.105,6492.0,2104.0,167152989.0,1191532550.0
2020-10-06 18:00:00,YDEUGW,98.48899999999999,6502.0,2021.0,190651956.0,1232686278.0
2020-10-06 19:00:00,YDEUGW,98.964,6570.0,2197.0,214546874.0,1338520248.0
2020-10-06 20:00:00,YDEUGW,99.064,6719.0,2116.0,216262460.0,1404053652.0
2020-10-06 21:00:00,YDEUGW,98.899,6791.0,2155.0,222196704.0,1488110205.0
2020-10-06 22:00:00,YDEUGW,98.568,6745.0,1721.0,219203387.0,1535800435.0
2020-10-06 23:00:00,YDEUGW,99.17399999999999,6569.0,1321.0,181831049.0,1350182157.0
2020-10-07 00:00:00,YDEUGW,99.45100000000001,6225.0,2174.0,59464167.0,411880983.0
2020-10-07 01:00:00,YDEUGW,98.30799999999999,5823.0,1046.0,66490141.0,445728670.0
2020-10-07 02:00:00,YDEUGW,98.70100000000001,5572.0,836.0,63862346.0,371878231.0
2020-10-07 03:00:00,YDEUGW,98.83,5430.0,760.0,77580520.0,327150294.0
2020-10-07 04:00:00,YDEUGW,98.2,5422.0,873.0,65613474.0,291337375.0
2020-10-07 05:00:00,YDEUGW,98.98700000000001,5545.0,1173.0,99138951.0,375330915.0
2020-10-07 06:00:00,YDEUGW,98.704,6003.0,1904.0,158656304.0,622212563.0
2020-10-07 07:00:00,YDEUGW,99.5,6424.0,2588.0,197758436.0,893132466.0
2020-10-07 08:00:00,YDEUGW,99.219,6940.0,2796.0,219945452.0,1115821183.0
2020-10-07 09:00:00,YDEUGW,99.0,7215.0,2673.0,257925201.0,1329511511.0
2020-10-07 10:00:00,YDEUGW,98.509,7341.0,2642.0,276261913.0,1447218405.0
2020-10-07 11:00:00,YDEUGW,98.37200000000001,8817.0,4109.0,314356497.0,1666439808.0
2020-10-07 12:00:00,YDEUGW,99.13799999999999,9010.0,3335.0,272451428.0,1730490134.0
2020-10-07 13:00:00,YDEUGW,99.01799999999999,9007.0,3025.0,282014689.0,1681264958.0
2020-10-07 14:00:00,YDEUGW,99.426,8949.0,2947.0,256008039.0,1609328537.0
2020-10-07 15:00:00,YDEUGW,99.448,8791.0,3244.0,257530553.0,1677994436.0
2020-10-07 16:00:00,YDEUGW,98.84700000000001,8829.0,2829.0,263944946.0,1829149744.0
2020-10-07 17:00:00,YDEUGW,99.419,8772.0,2567.0,258689646.0,1757562894.0
2020-10-07 18:00:00,YDEUGW,99.236,8685.0,2727.0,261273484.0,1708769133.0
2020-10-07 19:00:00,YDEUGW,99.564,8642.0,2741.0,270902452.0,1726649957.0
2020-10-07 20:00:00,YDEUGW,99.728,8502.0,2933.0,261688898.0,1821119033.0
2020-10-07 21:00:00,YDEUGW,99.46700000000001,8474.0,2613.0,261237843.0,1896155561.0
2020-10-07 22:00:00,YDEUGW,99.154,8338.0,2460.0,240441080.0,1891274054.0
2020-10-07 23:00:00,YDEUGW,99.03299999999999,8176.0,1741.0,199054006.0,1730500178.0
2020-10-08 00:00:00,YDEUGW,99.44200000000001,7781.0,2852.0,70883433.0,519157035.0
2020-10-08 01:00:00,YDEUGW,98.84899999999999,7275.0,1116.0,76909034.0,552633729.0
2020-10-08 02:00:00,YDEUGW,98.9,6958.0,989.0,79280219.0,440390863.0
2020-10-08 03:00:00,YDEUGW,98.359,6789.0,959.0,84108212.0,375315415.0
2020-10-08 04:00:00,YDEUGW,98.928,6766.0,1200.0,96548939.0,370373499.0
2020-10-08 05:00:00,YDEUGW,99.083,6880.0,1404.0,138186385.0,449161510.0
2020-10-08 06:00:00,YDEUGW,99.494,7361.0,2557.0,201273141.0,709062089.0
2020-10-08 07:00:00,YDEUGW,99.619,7857.0,2874.0,250872918.0,1032647193.0
2020-10-08 08:00:00,YDEUGW,99.40700000000001,8423.0,3184.0,286052875.0,1406446694.0
2020-10-08 09:00:00,YDEUGW,99.131,8681.0,2851.0,291935604.0,1683867719.0
2020-10-08 10:00:00,YDEUGW,99.323,8912.0,3081.0,296747861.0,1754725586.0
2020-10-08 22:00:00,YDEUGW,99.37799999999999,8434.0,2398.0,248610738.0,1922010486.0
2020-10-08 23:00:00,YDEUGW,98.585,8657.0,2230.0,232068384.0,1997756131.0
2020-10-09 00:00:00,YDEUGW,99.464,8511.0,3898.0,84136953.0,575011636.0
2020-10-09 01:00:00,YDEUGW,98.509,7963.0,1255.0,103829846.0,620550489.0
2020-10-09 02:00:00,YDEUGW,98.865,7631.0,1220.0,89702108.0,519009618.0
2020-10-09 03:00:00,YDEUGW,98.33,7488.0,1001.0,96078578.0,433389255.0
2020-10-09 04:00:00,YDEUGW,98.50299999999999,7385.0,1053.0,105893096.0,421832962.0
2020-10-09 05:00:00,YDEUGW,98.73700000000001,7429.0,1485.0,134557462.0,489984946.0
2020-10-09 06:00:00,YDEUGW,99.573,7979.0,2566.0,218579291.0,842841056.0
2020-10-09 07:00:00,YDEUGW,99.28399999999999,8440.0,3051.0,252231081.0,1150689861.0
2020-10-09 08:00:00,YDEUGW,99.389,9026.0,3417.0,294839800.0,1553226399.0
2020-10-09 09:00:00,YDEUGW,99.277,9242.0,3296.0,317682942.0,1750968925.0
2020-10-09 10:00:00,YDEUGW,99.007,9370.0,3591.0,306670749.0,1802793407.0
2020-10-09 11:00:00,YDEUGW,99.381,9380.0,3211.0,318246592.0,1938140708.0
2020-10-09 12:00:00,YDEUGW,99.38,9295.0,3045.0,302040180.0,1859775778.0
2020-10-09 13:00:00,YDEUGW,99.145,9234.0,3015.0,275977638.0,1769555493.0
2020-10-09 14:00:00,YDEUGW,99.50200000000001,9205.0,3000.0,272756973.0,1785710576.0
2020-10-09 15:00:00,YDEUGW,99.294,9138.0,3093.0,273738095.0,1912553738.0
2020-10-09 16:00:00,YDEUGW,99.456,9070.0,3108.0,250604368.0,1816127291.0
2020-10-09 17:00:00,YDEUGW,99.46600000000001,9080.0,3353.0,264876674.0,1936348447.0
2020-10-09 18:00:00,YDEUGW,99.432,9072.0,3151.0,262595948.0,1806824260.0
2020-10-09 19:00:00,YDEUGW,99.26899999999999,8927.0,3532.0,278150491.0,1879369201.0
2020-10-09 20:00:00,YDEUGW,99.47399999999999,8933.0,3780.0,273973670.0,1949096470.0
2020-10-09 21:00:00,YDEUGW,99.289,8897.0,3632.0,273350470.0,1996657812.0
2020-10-09 22:00:00,YDEUGW,99.161,8852.0,2482.0,253441879.0,1962927456.0
2020-10-09 23:00:00,YDEUGW,99.16799999999999,8616.0,1788.0,214203005.0,1797411390.0
2020-10-10 00:00:00,YDEUGW,99.184,8236.0,3282.0,73364353.0,552629439.0
2020-10-10 01:00:00,YDEUGW,98.529,7669.0,1139.0,87220906.0,645860496.0
2020-10-10 02:00:00,YDEUGW,98.307,7337.0,813.0,74850362.0,577882520.0
2020-10-10 03:00:00,YDEUGW,97.59899999999999,7143.0,813.0,88062113.0,488915072.0
2020-10-10 04:00:00,YDEUGW,98.382,7065.0,973.0,105495715.0,445536157.0
2020-10-10 05:00:00,YDEUGW,97.803,7079.0,1024.0,112191398.0,485780284.0
2020-10-10 06:00:00,YDEUGW,98.55,7593.0,2039.0,178094216.0,784773082.0
2020-10-10 07:00:00,YDEUGW,99.257,8003.0,2670.0,239103694.0,1186440995.0
2020-10-10 08:00:00,YDEUGW,99.154,8385.0,3283.0,281811692.0,1461780649.0
2020-10-10 09:00:00,YDEUGW,99.20100000000001,8724.0,2856.0,297542237.0,1652439764.0
2020-10-10 10:00:00,YDEUGW,99.226,8838.0,2821.0,290280168.0,1746079622.0
2020-10-10 11:00:00,YDEUGW,99.288,8903.0,2789.0,291336772.0,1852188393.0
2020-10-10 12:00:00,YDEUGW,99.28299999999999,8934.0,2907.0,263797371.0,1860966078.0
2020-10-10 13:00:00,YDEUGW,99.34,8862.0,2558.0,270689044.0,1888624779.0
2020-10-10 14:00:00,YDEUGW,98.685,8809.0,2627.0,256564803.0,1860439957.0
2020-10-10 15:00:00,YDEUGW,96.98899999999999,8764.0,2319.0,241946009.0,1868844994.0
2020-10-10 16:00:00,YDEUGW,97.35,8701.0,2682.0,235669485.0,1837783182.0
2020-10-10 17:00:00,YDEUGW,97.47399999999999,8631.0,2470.0,230377075.0,1775269315.0
2020-10-10 18:00:00,YDEUGW,97.42200000000001,8603.0,3136.0,224923367.0,1709019480.0
2020-10-10 19:00:00,YDEUGW,97.681,8691.0,3117.0,255235023.0,1756977320.0
2020-10-10 20:00:00,YDEUGW,99.84899999999999,8704.0,2647.0,269748002.0,1861564160.0
2020-10-10 21:00:00,YDEUGW,99.351,8657.0,2603.0,275483056.0,1943479512.0
2020-10-10 22:00:00,YDEUGW,99.15,8620.0,2100.0,254024577.0,1894653649.0
2020-10-10 23:00:00,YDEUGW,98.709,8447.0,1682.0,219838901.0,1718692333.0
2020-10-11 00:00:00,YDEUGW,99.309,8105.0,3160.0,77189543.0,576854845.0
2020-10-11 01:00:00,YDEUGW,98.695,7540.0,1361.0,86495700.0,663535555.0
2020-10-11 02:00:00,YDEUGW,98.167,7183.0,964.0,97102962.0,571804844.0
2020-10-11 03:00:00,YDEUGW,98.255,6952.0,957.0,87257428.0,441548249.0
2020-10-11 04:00:00,YDEUGW,99.204,6822.0,997.0,89911701.0,367526917.0
2020-10-11 05:00:00,YDEUGW,98.354,6820.0,1195.0,119839165.0,381710895.0
2020-10-11 06:00:00,YDEUGW,98.904,7052.0,1625.0,183575637.0,641094042.0
2020-10-11 07:00:00,YDEUGW,99.363,7528.0,2341.0,230285440.0,1030070763.0
2020-10-11 08:00:00,YDEUGW,99.29899999999999,7992.0,2693.0,255625006.0,1285172812.0
2020-10-11 09:00:00,YDEUGW,99.35600000000001,8226.0,2623.0,293841463.0,1529390767.0
2020-10-11 10:00:00,YDEUGW,99.495,8298.0,2561.0,302264714.0,1590012567.0
2020-10-11 11:00:00,YDEUGW,99.48100000000001,8287.0,2493.0,295213108.0,1608679759.0
2020-10-11 12:00:00,YDEUGW,99.289,8366.0,2792.0,276331466.0,1645498574.0
2020-10-11 13:00:00,YDEUGW,99.054,8409.0,2618.0,267423715.0,1698901643.0
2020-10-11 14:00:00,YDEUGW,99.051,8560.0,2610.0,264866701.0,1754300617.0
2020-10-11 15:00:00,YDEUGW,99.20100000000001,8561.0,2360.0,272848488.0,1793723447.0
2020-10-11 16:00:00,YDEUGW,99.089,8599.0,2393.0,274098070.0,1766073585.0
2020-10-11 17:00:00,YDEUGW,99.61200000000001,8599.0,2308.0,272060823.0,1774664099.0
2020-10-11 18:00:00,YDEUGW,99.098,8539.0,2416.0,255639878.0,1768763213.0
2020-10-11 19:00:00,YDEUGW,99.594,8623.0,2455.0,265129393.0,1829105355.0
2020-10-11 20:00:00,YDEUGW,99.387,8653.0,2596.0,268530973.0,1920835851.0
2020-10-11 21:00:00,YDEUGW,99.274,8634.0,2325.0,267896589.0,1940968135.0
2020-10-11 22:00:00,YDEUGW,98.68299999999999,8607.0,1798.0,246487358.0,1871784797.0
2020-10-11 23:00:00,YDEUGW,99.27,8291.0,1360.0,212371537.0,1666641283.0
2020-10-12 00:00:00,YDEUGW,99.588,7910.0,2899.0,86149708.0,542274616.0
2020-10-12 01:00:00,YDEUGW,98.771,7342.0,1045.0,95948229.0,576303069.0
2020-10-12 02:00:00,YDEUGW,98.78200000000001,7077.0,811.0,83048259.0,457189375.0
2020-10-12 03:00:00,YDEUGW,99.35,6954.0,764.0,95353934.0,415549851.0
2020-10-12 04:00:00,YDEUGW,98.18,6804.0,863.0,96421267.0,369392361.0
2020-10-12 05:00:00,YDEUGW,99.432,6833.0,1226.0,129029067.0,435916318.0
2020-10-12 06:00:00,YDEUGW,99.369,7307.0,2205.0,216704793.0,709153311.0
2020-10-12 07:00:00,YDEUGW,99.38,7892.0,2727.0,245715055.0,1056391660.0
2020-10-12 08:00:00,YDEUGW,99.56700000000001,8655.0,3216.0,296699420.0,1502721771.0
2020-10-12 09:00:00,YDEUGW,99.22200000000001,8863.0,3060.0,356017916.0,1823063312.0
2020-10-12 10:00:00,YDEUGW,99.24600000000001,8969.0,2894.0,332407577.0,1937891127.0
2020-10-12 11:00:00,YDEUGW,98.81,9001.0,3156.0,316795925.0,1952418630.0
2020-10-12 12:00:00,YDEUGW,98.7,9022.0,3417.0,288663066.0,1853596884.0
2020-10-12 13:00:00,YDEUGW,99.26,8907.0,5902.0,259582762.0,1725708131.0
2020-10-12 14:00:00,YDEUGW,98.346,8772.0,2498.0,272055980.0,1791609160.0
2020-10-12 15:00:00,YDEUGW,98.68799999999999,8831.0,2933.0,281165304.0,1790822345.0
2020-10-12 16:00:00,YDEUGW,98.96700000000001,8710.0,3258.0,262359900.0,1766888160.0
2020-10-12 17:00:00,YDEUGW,98.016,8686.0,2618.0,250018144.0,1805881384.0
2020-10-12 18:00:00,YDEUGW,98.495,8668.0,2880.0,242206670.0,1683571660.0
2020-10-12 19:00:00,YDEUGW,99.021,8661.0,3035.0,267697598.0,1778785493.0
2020-10-12 20:00:00,YDEUGW,98.945,8621.0,3095.0,283745390.0,1873833674.0
2020-10-12 21:00:00,YDEUGW,98.777,8614.0,2907.0,263747567.0,1942356596.0
2020-10-12 22:00:00,YDEUGW,98.956,8524.0,2275.0,264671214.0,1947711440.0
2020-10-12 23:00:00,YDEUGW,98.695,8218.0,1286.0,232253529.0,1737589454.0
2020-10-13 00:00:00,YDEUGW,99.316,7803.0,2612.0,84588154.0,492811811.0
2020-10-13 01:00:00,YDEUGW,98.19200000000001,7845.0,1847.0,87348951.0,554002389.0
2020-10-13 02:00:00,YDEUGW,98.068,8166.0,1472.0,103804957.0,572502640.0
2020-10-13 03:00:00,YDEUGW,97.794,8171.0,931.0,108775395.0,462178946.0
2020-10-13 04:00:00,YDEUGW,98.2,8102.0,982.0,111782987.0,408944012.0
2020-10-13 05:00:00,YDEUGW,38.93,8063.0,2365.0,115189967.0,401472243.0
2020-10-13 06:00:00,YDEUGW,99.294,8079.0,2391.0,230792549.0,812248699.0
2020-10-13 07:00:00,YDEUGW,99.478,8650.0,2856.0,266332933.0,1112181098.0
2020-10-13 08:00:00,YDEUGW,99.506,9143.0,3426.0,310405995.0,1491952950.0
2020-10-13 09:00:00,YDEUGW,99.235,9373.0,3113.0,321642399.0,1697027498.0
2020-10-13 10:00:00,YDEUGW,99.411,9482.0,3377.0,306918852.0,1806480610.0
2020-10-13 11:00:00,YDEUGW,99.446,9507.0,3587.0,297917063.0,1901282076.0
2020-10-13 12:00:00,YDEUGW,99.363,9420.0,3586.0,300890567.0,1934625501.0
2020-10-13 13:00:00,YDEUGW,99.17,9358.0,2986.0,293938281.0,1908587863.0
2020-10-13 14:00:00,YDEUGW,99.193,9411.0,2951.0,279589028.0,1864480857.0
2020-10-13 15:00:00,YDEUGW,99.24600000000001,9380.0,2764.0,280760742.0,1932585121.0
2020-10-13 16:00:00,YDEUGW,99.198,9268.0,3217.0,264533731.0,1854225855.0
2020-10-13 17:00:00,YDEUGW,99.384,9170.0,3066.0,263807858.0,1858245084.0
2020-10-13 18:00:00,YDEUGW,99.30799999999999,9123.0,3012.0,266583274.0,1834381432.0
2020-10-13 19:00:00,YDEUGW,99.23899999999999,9006.0,3001.0,265768907.0,1897413517.0
2020-10-13 20:00:00,YDEUGW,99.259,8988.0,3080.0,272055489.0,1938774705.0
2020-10-13 21:00:00,YDEUGW,99.28200000000001,8962.0,2629.0,269964171.0,1950710460.0
2020-10-13 22:00:00,YDEUGW,98.691,9293.0,2789.0,245214920.0,1887759207.0
2020-10-13 23:00:00,YDEUGW,98.656,9180.0,2202.0,260044219.0,1982062261.0
2020-10-14 00:00:00,YDEUGW,99.48899999999999,10383.0,6231.0,102161665.0,651503450.0
2020-10-14 01:00:00,YDEUGW,98.807,12483.0,4389.0,242002107.0,1334686344.0
2020-10-14 02:00:00,YDEUGW,99.23100000000001,12076.0,1548.0,189685949.0,997338428.0
2020-10-14 03:00:00,YDEUGW,98.96600000000001,11683.0,1531.0,215106558.0,851475369.0
2020-10-14 04:00:00,YDEUGW,99.363,11431.0,1559.0,232559619.0,780448074.0
2020-10-14 05:00:00,YDEUGW,99.20200000000001,11252.0,1988.0,285650468.0,984309521.0
2020-10-14 06:00:00,YDEUGW,99.366,11402.0,2822.0,400271847.0,1536831092.0
2020-10-14 07:00:00,YDEUGW,99.554,11729.0,3570.0,399555357.0,1834211876.0
2020-10-14 08:00:00,YDEUGW,99.63,12021.0,4034.0,381747067.0,2178224298.0
2020-10-14 09:00:00,YDEUGW,99.584,12154.0,4067.0,339674084.0,2095709166.0
2020-10-14 10:00:00,YDEUGW,99.495,12148.0,4140.0,327753642.0,2039612503.0
2020-10-14 11:00:00,YDEUGW,99.469,12028.0,4119.0,317770751.0,2051378850.0
2020-10-14 12:00:00,YDEUGW,99.539,11861.0,4536.0,310210422.0,2056216020.0
2020-10-14 13:00:00,YDEUGW,99.48100000000001,11670.0,4221.0,309643337.0,2086060612.0
2020-10-14 14:00:00,YDEUGW,99.494,11785.0,3930.0,298708380.0,2045217446.0
2020-10-14 15:00:00,YDEUGW,99.47,11660.0,3564.0,312561958.0,2078990380.0
2020-10-14 16:00:00,YDEUGW,99.448,11508.0,3605.0,313604404.0,2085038447.0
2020-10-14 17:00:00,YDEUGW,99.43799999999999,11393.0,3360.0,311049800.0,2133815032.0
2020-10-14 18:00:00,YDEUGW,99.465,11266.0,3902.0,320495291.0,2101873166.0
2020-10-14 19:00:00,YDEUGW,99.648,11075.0,3397.0,318199498.0,2065455063.0
2020-10-14 20:00:00,YDEUGW,99.74700000000001,10783.0,3941.0,308974696.0,2088783776.0
2020-10-14 21:00:00,YDEUGW,99.523,10662.0,3968.0,288880167.0,2056959841.0
2020-10-14 22:00:00,YDEUGW,99.32,10557.0,2629.0,300530519.0,2106037133.0
2020-10-14 23:00:00,YDEUGW,99.14200000000001,10236.0,1734.0,328278412.0,2208989355.0
2020-10-15 00:00:00,YDEUGW,99.294,9718.0,3514.0,133086390.0,815925041.0
2020-10-15 01:00:00,YDEUGW,98.928,9042.0,1200.0,130749938.0,798972725.0
2020-10-15 02:00:00,YDEUGW,98.62899999999999,8690.0,863.0,124512913.0,690642314.0
2020-10-15 03:00:00,YDEUGW,98.385,8506.0,853.0,120325090.0,537036990.0
2020-10-15 04:00:00,YDEUGW,99.149,8367.0,1048.0,148264052.0,546084365.0
2020-10-15 05:00:00,YDEUGW,99.38,8403.0,1604.0,192459671.0,637145121.0
2020-10-15 06:00:00,YDEUGW,99.521,8585.0,2492.0,271078572.0,953733788.0
2020-10-15 07:00:00,YDEUGW,99.709,8933.0,3085.0,295772616.0,1329162865.0
2020-10-15 08:00:00,YDEUGW,99.777,9448.0,3574.0,332712271.0,1699608214.0
2020-10-15 09:00:00,YDEUGW,99.64,9656.0,3874.0,353006559.0,1950761661.0
2020-10-15 10:00:00,YDEUGW,99.411,9785.0,3882.0,336642841.0,2032202055.0
2020-10-15 11:00:00,YDEUGW,99.589,9969.0,4363.0,344900286.0,2147678255.0
2020-10-15 12:00:00,YDEUGW,99.49799999999999,9870.0,4559.0,320334718.0,2078636670.0
2020-10-15 13:00:00,YDEUGW,99.48100000000001,9863.0,4029.0,329914836.0,2101620657.0
2020-10-15 14:00:00,YDEUGW,99.15899999999999,9803.0,3654.0,302052773.0,2100945537.0
2020-10-15 15:00:00,YDEUGW,98.96,9813.0,3996.0,298270887.0,2136268864.0
2020-10-15 16:00:00,YDEUGW,98.24700000000001,9757.0,3755.0,297920379.0,2012669789.0
2020-10-15 17:00:00,YDEUGW,98.14299999999999,9743.0,3540.0,277808432.0,2082930614.0
2020-10-15 18:00:00,YDEUGW,98.54299999999999,9483.0,3450.0,269131634.0,1985360736.0
2020-10-15 19:00:00,YDEUGW,99.29700000000001,9332.0,4239.0,271759332.0,1995269432.0
2020-10-15 20:00:00,YDEUGW,99.676,9278.0,3696.0,298066277.0,2120422913.0
2020-10-15 21:00:00,YDEUGW,99.62799999999999,9440.0,4281.0,306918961.0,2114939800.0
2020-10-15 22:00:00,YDEUGW,99.634,9458.0,2993.0,290456324.0,2191584772.0
2020-10-15 23:00:00,YDEUGW,99.179,9255.0,1812.0,239733524.0,1901542698.0
2020-10-16 00:00:00,YDEUGW,99.676,8870.0,3077.0,101603770.0,697827332.0
2020-10-16 01:00:00,YDEUGW,93.575,8522.0,7865.0,151170951.0,842180967.0
2020-10-16 02:00:00,YDEUGW,99.03399999999999,7252.0,1435.0,155782642.0,746917681.0
2020-10-16 03:00:00,YDEUGW,99.036,7144.0,925.0,170562240.0,598687168.0
2020-10-16 04:00:00,YDEUGW,99.04,7149.0,1032.0,160664686.0,569300301.0
2020-10-16 05:00:00,YDEUGW,99.23299999999999,7357.0,1294.0,197006401.0,660753943.0
2020-10-16 06:00:00,YDEUGW,99.34899999999999,7834.0,2136.0,277054767.0,1006994754.0
2020-10-16 07:00:00,YDEUGW,99.199,8437.0,2601.0,285149785.0,1359030162.0
2020-10-16 08:00:00,YDEUGW,99.65,9052.0,3414.0,297908936.0,1728758260.0
2020-10-16 09:00:00,YDEUGW,99.605,9287.0,3786.0,333268044.0,2023743104.0
2020-10-16 10:00:00,YDEUGW,99.336,9366.0,4189.0,354897853.0,2118642472.0
2020-10-16 11:00:00,YDEUGW,99.323,9406.0,3961.0,340329230.0,2093108032.0
2020-10-16 12:00:00,YDEUGW,99.39,9539.0,4238.0,312387056.0,2063880544.0
2020-10-16 13:00:00,YDEUGW,99.34,9528.0,3611.0,302260521.0,2034173353.0
2020-10-16 14:00:00,YDEUGW,99.429,9369.0,3658.0,304628553.0,1940332734.0
2020-10-16 15:00:00,YDEUGW,99.191,9386.0,3679.0,303079950.0,2033674096.0
2020-10-16 16:00:00,YDEUGW,99.52600000000001,9370.0,3988.0,307466977.0,2007428420.0
2020-10-16 17:00:00,YDEUGW,99.50200000000001,9365.0,3793.0,295927026.0,2082962690.0
2020-10-16 18:00:00,YDEUGW,99.43,9271.0,4013.0,282895969.0,1964468777.0
2020-10-16 19:00:00,YDEUGW,99.15799999999999,9136.0,4477.0,269136487.0,1952693714.0
2020-10-16 20:00:00,YDEUGW,99.419,9035.0,3934.0,275726045.0,2005220708.0
2020-10-16 21:00:00,YDEUGW,99.462,9140.0,3883.0,292810978.0,2145784233.0
2020-10-16 22:00:00,YDEUGW,99.51299999999999,9098.0,2863.0,275019107.0,2107420729.0
2020-10-16 23:00:00,YDEUGW,99.54700000000001,8870.0,1978.0,237992976.0,1972491372.0
2020-10-17 00:00:00,YDEUGW,99.669,8361.0,3615.0,94317329.0,687417581.0
2020-10-17 01:00:00,YDEUGW,99.396,8342.0,2139.0,114598131.0,850838539.0
2020-10-17 02:00:00,YDEUGW,98.806,8300.0,1076.0,123989183.0,774323223.0
2020-10-17 03:00:00,YDEUGW,98.835,8121.0,1018.0,128410378.0,606404290.0
2020-10-17 04:00:00,YDEUGW,99.074,7948.0,1070.0,144404765.0,490916716.0
2020-10-17 05:00:00,YDEUGW,98.536,7889.0,1279.0,172412257.0,614481714.0
2020-10-17 06:00:00,YDEUGW,99.62299999999999,8169.0,2378.0,230007430.0,906073715.0
2020-10-17 07:00:00,YDEUGW,99.23299999999999,8530.0,2846.0,282927728.0,1408936510.0
2020-10-17 08:00:00,YDEUGW,99.008,8969.0,3093.0,297218428.0,1699838316.0
2020-10-17 09:00:00,YDEUGW,99.516,9283.0,3292.0,359898252.0,1914724360.0
2020-10-17 10:00:00,YDEUGW,99.537,9424.0,3224.0,337104496.0,2033619525.0
2020-10-17 11:00:00,YDEUGW,99.334,9410.0,2834.0,329196278.0,2091655498.0
2020-10-17 12:00:00,YDEUGW,99.539,9291.0,3242.0,298117959.0,1915305758.0
2020-10-17 13:00:00,YDEUGW,99.26100000000001,9238.0,2820.0,277550681.0,1967549096.0
2020-10-17 14:00:00,YDEUGW,99.48299999999999,9182.0,2696.0,282392622.0,1977376507.0
2020-10-17 15:00:00,YDEUGW,99.33,9133.0,2669.0,291672968.0,1998372308.0
2020-10-17 16:00:00,YDEUGW,99.346,9113.0,2736.0,283524820.0,2016027151.0
2020-10-17 17:00:00,YDEUGW,99.265,9062.0,2566.0,278499565.0,2020459758.0
2020-10-17 18:00:00,YDEUGW,99.387,9004.0,2916.0,265195191.0,1851879959.0
2020-10-17 19:00:00,YDEUGW,99.645,8925.0,3372.0,270740425.0,1948164528.0
2020-10-17 20:00:00,YDEUGW,99.605,8841.0,3278.0,292645788.0,1938377828.0
2020-10-17 21:00:00,YDEUGW,99.865,8761.0,2961.0,286790399.0,1952489979.0
2020-10-17 22:00:00,YDEUGW,99.634,8686.0,2447.0,286369880.0,1949051503.0
2020-10-17 23:00:00,YDEUGW,99.26700000000001,8531.0,1760.0,245231009.0,1840382769.0
2020-10-18 00:00:00,YDEUGW,99.758,8213.0,3301.0,97904984.0,699368782.0
2020-10-18 01:00:00,YDEUGW,99.171,7627.0,1077.0,100097854.0,722997078.0
2020-10-18 02:00:00,YDEUGW,98.846,7342.0,771.0,97514715.0,598298393.0
2020-10-18 03:00:00,YDEUGW,98.148,7169.0,848.0,97758654.0,489464774.0
2020-10-18 04:00:00,YDEUGW,97.881,7060.0,739.0,104760478.0,408487304.0
2020-10-18 05:00:00,YDEUGW,99.272,7034.0,955.0,124014826.0,456412671.0
2020-10-18 06:00:00,YDEUGW,98.43,8111.0,2508.0,242453414.0,812921157.0
2020-10-18 07:00:00,YDEUGW,98.979,8647.0,2617.0,292383244.0,1332059494.0
2020-10-18 08:00:00,YDEUGW,99.26799999999999,9201.0,3119.0,324831855.0,1720618343.0
2020-10-18 09:00:00,YDEUGW,99.20299999999999,9587.0,2989.0,355118116.0,1972566277.0
2020-10-18 10:00:00,YDEUGW,99.571,9721.0,2782.0,297990601.0,1926380225.0
2020-10-18 11:00:00,YDEUGW,99.54700000000001,9822.0,2858.0,314527946.0,1943474356.0
2020-10-18 12:00:00,YDEUGW,99.405,9817.0,2675.0,316215715.0,2016416363.0
2020-10-18 13:00:00,YDEUGW,99.669,9807.0,3007.0,325640254.0,2062087314.0
2020-10-18 14:00:00,YDEUGW,99.598,9801.0,2976.0,317983053.0,2153139793.0
2020-10-18 15:00:00,YDEUGW,99.417,9828.0,3411.0,294552787.0,2119181794.0
2020-10-18 16:00:00,YDEUGW,99.16,9842.0,2834.0,282346273.0,2110456255.0
2020-10-18 17:00:00,YDEUGW,99.43799999999999,9884.0,3006.0,294003710.0,2065073112.0
2020-10-18 18:00:00,YDEUGW,99.52600000000001,9819.0,3988.0,301593940.0,2054144538.0
2020-10-18 19:00:00,YDEUGW,99.663,9845.0,4725.0,269819134.0,2047217716.0
2020-10-18 20:00:00,YDEUGW,99.279,10097.0,3444.0,263453191.0,1960883978.0
2020-10-18 21:00:00,YDEUGW,99.057,10150.0,2836.0,269991761.0,1921729483.0
2020-10-18 22:00:00,YDEUGW,99.087,10116.0,2278.0,270616414.0,1970687512.0
2020-10-18 23:00:00,YDEUGW,99.083,9885.0,1945.0,287717323.0,2070715718.0
2020-10-19 00:00:00,YDEUGW,99.60700000000001,9383.0,4051.0,134911115.0,742852709.0
2020-10-19 01:00:00,YDEUGW,99.26100000000001,8791.0,1344.0,126600619.0,736758591.0
2020-10-19 02:00:00,YDEUGW,98.59899999999999,8479.0,1126.0,98332529.0,588761469.0
2020-10-19 03:00:00,YDEUGW,98.899,8363.0,988.0,121270029.0,477056217.0
2020-10-19 04:00:00,YDEUGW,98.37899999999999,8279.0,1032.0,124802448.0,455633002.0
2020-10-19 05:00:00,YDEUGW,98.678,8403.0,1493.0,190020129.0,578210904.0
2020-10-19 06:00:00,YDEUGW,99.22399999999999,8976.0,2813.0,291886848.0,949101209.0
2020-10-19 07:00:00,YDEUGW,99.53200000000001,9637.0,3615.0,356956964.0,1361865989.0
2020-10-19 08:00:00,YDEUGW,99.49600000000001,10419.0,3950.0,383111163.0,1844625616.0
2020-10-19 09:00:00,YDEUGW,99.527,10738.0,4001.0,321294433.0,1953814473.0
2020-10-19 10:00:00,YDEUGW,99.559,10860.0,4966.0,300293187.0,1899098459.0
2020-10-19 11:00:00,YDEUGW,99.64399999999999,10853.0,5319.0,306073092.0,1945270245.0
2020-10-19 12:00:00,YDEUGW,99.493,10779.0,4903.0,307552877.0,1965181756.0
2020-10-19 13:00:00,YDEUGW,99.439,10621.0,4784.0,326046251.0,1984010207.0
2020-10-19 14:00:00,YDEUGW,99.613,10517.0,3601.0,318935563.0,2047376410.0
2020-10-19 15:00:00,YDEUGW,99.265,10412.0,3375.0,304462765.0,2003697093.0
2020-10-19 16:00:00,YDEUGW,99.351,10424.0,4132.0,290436665.0,1960019809.0
2020-10-19 17:00:00,YDEUGW,99.55,10358.0,3541.0,308113001.0,2011493314.0
2020-10-19 18:00:00,YDEUGW,99.44,10195.0,3553.0,327335596.0,2068042444.0
2020-10-19 19:00:00,YDEUGW,99.726,9978.0,4010.0,304367722.0,2128896078.0
2020-10-19 20:00:00,YDEUGW,99.62299999999999,9942.0,4230.0,278924003.0,2102992427.0
2020-10-19 21:00:00,YDEUGW,99.619,9997.0,3922.0,256029131.0,2019453745.0
2020-10-19 22:00:00,YDEUGW,99.62100000000001,9961.0,3154.0,251452872.0,2021101342.0
2020-10-19 23:00:00,YDEUGW,98.652,9832.0,1756.0,274674955.0,2060569625.0
2020-10-20 00:00:00,YDEUGW,99.619,9414.0,3920.0,129526021.0,760598485.0
2020-10-20 01:00:00,YDEUGW,99.22399999999999,8813.0,1278.0,125593214.0,749324465.0
2020-10-20 02:00:00,YDEUGW,98.56200000000001,8500.0,1097.0,116504845.0,560983329.0
2020-10-20 03:00:00,YDEUGW,98.675,8320.0,1117.0,122818538.0,472152805.0
2020-10-20 04:00:00,YDEUGW,98.329,8256.0,1177.0,141005722.0,503019598.0
2020-10-20 05:00:00,YDEUGW,99.022,8366.0,1722.0,194999452.0,644024175.0
2020-10-20 06:00:00,YDEUGW,99.46799999999999,9110.0,3181.0,307505298.0,1087997326.0
2020-10-20 07:00:00,YDEUGW,99.306,9792.0,3576.0,350382844.0,1557349253.0
2020-10-20 08:00:00,YDEUGW,99.572,10534.0,3956.0,363101412.0,1931922849.0
2020-10-20 09:00:00,YDEUGW,99.104,10820.0,3761.0,298813560.0,1904954596.0
2020-10-20 10:00:00,YDEUGW,99.446,10964.0,3589.0,287812519.0,1879703253.0
2020-10-20 11:00:00,YDEUGW,99.64299999999999,10902.0,4463.0,285807813.0,1904836503.0
2020-10-20 12:00:00,YDEUGW,99.374,10716.0,3807.0,298664422.0,1936017213.0
2020-10-20 13:00:00,YDEUGW,99.49799999999999,10679.0,3570.0,313634675.0,1965057855.0
2020-10-20 14:00:00,YDEUGW,99.17399999999999,10621.0,3360.0,296978047.0,1981681281.0
2020-10-20 15:00:00,YDEUGW,99.3,10578.0,3404.0,283160064.0,1987580315.0
2020-10-20 16:00:00,YDEUGW,99.36200000000001,10504.0,3272.0,280984114.0,1997273195.0
2020-10-20 17:00:00,YDEUGW,99.419,10366.0,3251.0,297174375.0,2064206675.0
2020-10-20 18:00:00,YDEUGW,99.369,10242.0,3307.0,331698250.0,2162999472.0
2020-10-20 19:00:00,YDEUGW,99.389,10108.0,3253.0,305477479.0,2153984948.0
2020-10-20 20:00:00,YDEUGW,99.289,10399.0,3912.0,267217631.0,1969871917.0
2020-10-20 21:00:00,YDEUGW,99.615,10332.0,3368.0,259434585.0,1964316696.0
2020-10-20 22:00:00,YDEUGW,99.62200000000001,10153.0,3161.0,268007238.0,2032269261.0
2020-10-20 23:00:00,YDEUGW,99.303,9817.0,1853.0,299406625.0,2163830308.0
2020-10-21 00:00:00,YDEUGW,99.65,9294.0,3703.0,114382307.0,791347723.0
2020-10-21 01:00:00,YDEUGW,91.98,8643.0,3200.0,104301187.0,813822569.0
2020-10-21 02:00:00,YDEUGW,99.15299999999999,8242.0,1755.0,123242392.0,635161252.0
2020-10-21 03:00:00,YDEUGW,98.37,8115.0,1026.0,155158974.0,544609333.0
2020-10-21 04:00:00,YDEUGW,99.124,7993.0,1018.0,143180242.0,531869214.0
2020-10-21 05:00:00,YDEUGW,99.01700000000001,8186.0,1712.0,182120008.0,669540546.0
2020-10-21 06:00:00,YDEUGW,99.43299999999999,8800.0,2981.0,274479230.0,1034421884.0
2020-10-21 07:00:00,YDEUGW,99.52600000000001,9623.0,3567.0,334364961.0,1448683192.0
2020-10-21 08:00:00,YDEUGW,99.244,10479.0,3936.0,355956174.0,1858386809.0
2020-10-21 09:00:00,YDEUGW,99.149,10728.0,4078.0,304824243.0,1937287664.0
2020-10-21 10:00:00,YDEUGW,99.54700000000001,10848.0,4619.0,284544998.0,1913550573.0
2020-10-21 11:00:00,YDEUGW,99.415,10841.0,4076.0,288124186.0,1933691811.0
2020-10-21 12:00:00,YDEUGW,99.779,10738.0,4511.0,293163124.0,1965555688.0
2020-10-21 13:00:00,YDEUGW,99.516,10600.0,4109.0,304693548.0,2010972654.0
2020-10-21 14:00:00,YDEUGW,99.477,10516.0,4185.0,269584678.0,2016629538.0
2020-10-21 15:00:00,YDEUGW,99.56299999999999,10436.0,3877.0,270670169.0,2041977096.0
2020-10-21 16:00:00,YDEUGW,99.64399999999999,10352.0,3917.0,273278423.0,2038660125.0
2020-10-21 17:00:00,YDEUGW,99.594,10238.0,3437.0,290865835.0,2101000361.0
2020-10-21 18:00:00,YDEUGW,99.516,10194.0,3497.0,332216559.0,2139301430.0
2020-10-21 19:00:00,YDEUGW,99.738,9968.0,3809.0,312132568.0,2140573360.0
2020-10-21 20:00:00,YDEUGW,99.646,9740.0,4226.0,285949896.0,2101666213.0
2020-10-21 21:00:00,YDEUGW,99.555,10077.0,4024.0,259434313.0,1965282282.0
2020-10-21 22:00:00,YDEUGW,99.46799999999999,10105.0,2989.0,251300105.0,1975929597.0
2020-10-21 23:00:00,YDEUGW,99.12,9878.0,2027.0,265479143.0,2061847542.0
2020-10-22 00:00:00,YDEUGW,99.792,9546.0,3838.0,129559349.0,772067154.0
2020-10-22 01:00:00,YDEUGW,98.84700000000001,8854.0,1286.0,111336382.0,738587637.0
2020-10-22 02:00:00,YDEUGW,98.772,8599.0,965.0,109179203.0,653522997.0
2020-10-22 03:00:00,YDEUGW,98.921,8393.0,917.0,115815730.0,560919596.0
2020-10-22 04:00:00,YDEUGW,98.713,8182.0,1227.0,150722723.0,550000016.0
2020-10-22 05:00:00,YDEUGW,99.552,8326.0,1556.0,184971685.0,697451865.0
2020-10-22 06:00:00,YDEUGW,99.758,8931.0,2887.0,309804165.0,1107784761.0
2020-10-22 07:00:00,YDEUGW,99.486,9645.0,3676.0,341918589.0,1505273382.0
2020-10-22 08:00:00,YDEUGW,99.727,10151.0,4377.0,357312124.0,1864351652.0
2020-10-22 09:00:00,YDEUGW,99.601,10625.0,3993.0,307751018.0,1954851587.0
2020-10-22 10:00:00,YDEUGW,99.544,10700.0,4589.0,284144372.0,1906801476.0
2020-10-22 11:00:00,YDEUGW,99.677,10826.0,5551.0,296015390.0,1899094454.0
2020-10-22 12:00:00,YDEUGW,99.546,10600.0,4606.0,287054413.0,1952865390.0
2020-10-22 13:00:00,YDEUGW,99.55799999999999,10393.0,4725.0,304093712.0,1983433187.0
2020-10-22 14:00:00,YDEUGW,99.09200000000001,10291.0,3382.0,295309243.0,2002877321.0
2020-10-22 15:00:00,YDEUGW,99.65100000000001,10245.0,3140.0,292049448.0,2040517506.0
2020-10-22 16:00:00,YDEUGW,99.367,10211.0,2983.0,286951335.0,2034235048.0
2020-10-22 17:00:00,YDEUGW,99.48,10141.0,3250.0,292845760.0,2069917131.0
2020-10-22 18:00:00,YDEUGW,99.583,10108.0,3586.0,348149764.0,2148733888.0
2020-10-22 19:00:00,YDEUGW,99.596,9916.0,3696.0,316797290.0,2160262971.0
2020-10-22 20:00:00,YDEUGW,99.665,9799.0,3567.0,281289279.0,2097154535.0
2020-10-22 21:00:00,YDEUGW,99.617,9679.0,3379.0,275583700.0,2087206233.0
2020-10-22 22:00:00,YDEUGW,99.56299999999999,9536.0,2959.0,293888947.0,2170564899.0
2020-10-22 23:00:00,YDEUGW,99.325,9205.0,1765.0,279291033.0,2061064528.0
2020-10-23 00:00:00,YDEUGW,99.546,8665.0,3508.0,104788996.0,739883835.0
2020-10-23 01:00:00,YDEUGW,98.71700000000001,8219.0,1154.0,115787827.0,782777601.0
2020-10-23 02:00:00,YDEUGW,98.82700000000001,7796.0,927.0,118161797.0,634146833.0
2020-10-23 03:00:00,YDEUGW,98.84100000000001,7650.0,853.0,130245061.0,535229471.0
2020-10-23 04:00:00,YDEUGW,98.44,7671.0,1136.0,132925681.0,498248448.0
2020-10-23 05:00:00,YDEUGW,98.787,7736.0,1791.0,168378975.0,611638032.0
2020-10-23 06:00:00,YDEUGW,99.448,8108.0,2701.0,246848313.0,933370478.0
2020-10-23 07:00:00,YDEUGW,99.35799999999999,8861.0,3405.0,304610522.0,1345308058.0
2020-10-23 08:00:00,YDEUGW,99.18,9597.0,3993.0,357282434.0,1774680047.0
2020-10-23 09:00:00,YDEUGW,99.24799999999999,10287.0,3959.0,294613620.0,1952499244.0
2020-10-23 10:00:00,YDEUGW,99.539,10400.0,4100.0,274070188.0,1882120663.0
2020-10-23 11:00:00,YDEUGW,99.564,10468.0,4563.0,277166268.0,1887168972.0
